City,Zip Code,County,Median Income,Cost Of Living Index ($),Median Mortgage To Income Ratio (%),Owner Occupied Homes (%),Median Rooms In Home,College Degree (%),Professional (%),Population,Average Household Size,Median Age,Male To Female Ratio (%),Married (%),Divorced (%),White (%),Black (%),Asian (%),Hispanic Ethnicity (%)
Hammonton,8037,Atlantic,"47,500",133.1,24.1,77.1,5.9,14.3,25.6,"22,730",2.9,38.8,100.6,60.6,7.9,81.2,3.5,0.4,13.3
Absecon,8201,Atlantic,"51,397",137.7,24.9,72.9,5.6,23.1,27.8,"34,886",2.9,34.2,86.7,55.8,10.1,71.4,10.3,9.0,6.5
Brigantine,8203,Atlantic,"44,639",158.2,26.3,63.6,5.2,23.8,28.7,"12,594",2.3,40.7,90.4,54.9,11.4,78.4,2.8,6.1,9.3
Absecon,8205,Atlantic,,,,,,,,,,,,,,,,,
Cologne,8213,Atlantic,,,,,,,,,,,,,,,,,
Egg Harbor City,8215,Atlantic,"44,420",111.0,23.0,74.4,5.6,14.8,23.1,"12,196",2.7,37.7,85.6,58.6,8.6,77.3,7.9,1.4,11.8
Elwood,8217,Atlantic,,,,,,,,,,,,,,,,,
Leeds Point,8220,Atlantic,,,,,,,,,,,,,,,,,
Linwood,8221,Atlantic,"60,000",177.4,24.6,89.6,6.8,37.9,44.8,"7,195",2.6,42.8,80.9,65.3,5.8,94.4,0.9,2.5,0.6
Northfield,8225,Atlantic,"56,858",140.8,25.5,91.9,6.4,22.5,30.5,"7,744",2.7,40.5,85.0,59.9,8.2,90.0,2.4,2.8,4.1
Oceanville,8231,Atlantic,,,,,,,,,,,,,,,,,
Pleasantville,8232,Atlantic,"37,370",95.0,25.6,62.1,5.1,9.7,17.9,"18,017",2.9,33.4,77.3,42.9,11.6,18.4,54.7,1.7,22.1
Egg Harbor Township,8234,Atlantic,"52,618",131.4,24.2,85.0,5.6,19.0,26.7,"30,050",2.7,35.8,88.5,59.3,9.9,76.3,9.8,5.2,6.7
Pomona,8240,Atlantic,,,,,,,,,,,,,,,,,
Port Republic,8241,Atlantic,,,,,,,,,,,,,,,,,
Somers Point,8244,Atlantic,"42,341",133.3,24.6,57.6,5.1,19.8,27.3,"11,647",2.3,38.5,83.3,48.9,11.1,82.6,6.7,2.8,6.0
Buena,8310,Atlantic,"30,833",82.6,29.6,88.9,5.1,11.4,23.0,"1,689",2.1,49.6,114.1,59.2,8.8,82.4,5.9,0.0,11.1
Dorothy,8317,Atlantic,,,,,,,,,,,,,,,,,
Estell Manor,8319,Atlantic,,,,,,,,,,,,,,,,,
Landisville,8326,Atlantic,,,,,,,,,,,,,,,,,
Mays Landing,8330,Atlantic,"49,960",110.3,24.4,74.5,5.5,18.6,29.4,"21,753",2.8,34.9,93.1,56.7,10.9,68.7,18.5,3.0,7.3
Milmay,8340,Atlantic,,,,,,,,,,,,,,,,,
Minotola,8341,Atlantic,"32,204",113.5,22.7,56.6,5.3,9.8,21.6,"2,016",2.4,36.9,78.3,47.9,11.3,68.8,8.7,1.1,17.4
Mizpah,8342,Atlantic,,,,,,,,,,,,,,,,,
Newtonville,8346,Atlantic,,,,,,,,,,,,,,,,,
Richland,8350,Atlantic,,,,,,,,,,,,,,,,,
Atlantic City,8401,Atlantic,"26,969",97.9,23.9,28.9,3.7,10.3,13.7,"40,517",2.5,34.7,90.7,40.4,11.1,18.7,42.8,10.0,24.9
Margate City,8402,Atlantic,"45,876",201.6,25.2,74.2,5.7,36.5,37.6,"8,193",2.0,49.8,88.2,59.4,7.3,93.9,0.1,1.5,2.4
Longport,8403,Atlantic,"51,176",300.5,23.9,84.0,6.1,39.3,52.4,"1,180",2.0,56.0,84.3,61.8,10.9,99.0,0.0,0.1,0.1
Atlantic City,8404,Atlantic,,,,,,,,,,,,,,,,,
Atlantic City,8405,Atlantic,,,,,,,,,,,,,,,,,
Ventnor City,8406,Atlantic,"42,478",144.7,28.4,60.8,5.5,21.3,27.0,"12,910",2.3,40.6,85.4,51.2,11.1,70.7,1.5,8.0,17.2
Cliffside Park,7010,Bergen,"46,288",255.6,26.8,46.9,4.2,32.6,35.1,"23,007",2.2,39.8,87.4,52.6,8.8,66.4,1.4,11.4,17.9
Edgewater,7020,Bergen,"63,455",218.3,27.8,44.6,4.1,51.3,53.9,"7,677",2.0,36.3,90.5,52.3,8.8,60.5,3.0,22.9,10.5
Fairview,7022,Bergen,"40,393",209.6,31.1,34.6,4.2,16.5,23.8,"13,255",2.7,34.5,95.2,53.1,6.8,51.6,1.1,5.1,37.3
Fort Lee,7024,Bergen,"58,161",209.8,28.8,56.2,3.8,48.2,51.5,"35,461",2.1,41.6,82.9,59.0,8.6,57.5,1.6,30.9,7.7
Garfield,7026,Bergen,"42,770",196.7,27.2,40.2,4.5,14.0,20.5,"29,851",2.6,35.6,91.5,52.6,7.8,72.0,2.6,2.2,20.2
North Arlington,7031,Bergen,"51,787",212.2,24.4,54.3,5.0,19.5,30.0,"15,181",2.3,40.9,82.2,53.2,7.0,81.7,0.4,5.4,10.5
Wallington,7057,Bergen,"45,656",224.8,26.5,41.3,4.4,17.0,26.2,"11,583",2.4,38.2,85.5,55.2,7.5,83.5,2.8,4.7,6.7
Rutherford,7070,Bergen,"63,820",240.1,24.8,65.5,5.8,40.3,44.7,"18,110",2.5,38.8,89.3,55.3,6.8,75.2,2.6,11.4,8.1
Lyndhurst,7071,Bergen,"53,375",212.2,24.4,59.9,5.3,21.8,30.3,"19,383",2.4,39.5,85.4,54.5,7.5,83.3,0.1,5.9,8.9
Carlstadt,7072,Bergen,"55,058",239.2,22.3,57.2,5.4,21.0,36.4,"5,917",2.4,38.9,90.1,54.0,10.0,84.1,1.2,6.2,8.1
East Rutherford,7073,Bergen,"50,163",217.1,24.8,43.2,4.4,25.4,34.2,"8,716",2.3,37.9,90.6,51.6,8.5,74.5,3.1,10.1,10.3
Moonachie,7074,Bergen,"50,571",177.2,26.3,77.8,5.2,13.2,22.4,"2,754",2.6,40.4,93.1,58.4,6.8,77.0,0.6,7.7,12.4
Wood Ridge,7075,Bergen,"60,949",214.6,25.6,77.0,6.1,27.7,39.5,"7,643",2.5,40.3,86.8,62.7,6.1,85.5,0.2,5.4,7.5
Allendale,7401,Bergen,"105,387",456.5,24.3,90.4,7.6,62.3,53.1,"6,676",3.1,39.5,85.1,68.1,4.4,90.1,0.6,6.5,1.9
Elmwood Park,7407,Bergen,"52,319",211.0,26.3,60.6,5.3,20.5,28.3,"18,925",2.6,38.5,86.0,57.4,7.7,72.8,1.1,8.5,13.6
Fair Lawn,7410,Bergen,"72,127",238.8,23.3,80.0,6.2,44.8,48.0,"31,637",2.6,41.8,84.5,63.0,5.9,87.6,0.4,5.7,5.4
Franklin Lakes,7417,Bergen,"132,373",672.9,23.9,95.1,9.1,52.9,54.3,"10,422",3.1,40.7,94.7,70.8,4.3,89.3,0.4,6.8,2.5
Ho Ho Kus,7423,Bergen,"129,900",509.2,20.8,91.4,7.6,68.3,61.5,"4,060",2.8,41.1,88.5,72.1,4.4,90.5,0.8,5.2,1.8
Mahwah,7430,Bergen,"79,500",300.0,23.1,84.0,5.9,49.4,49.6,"24,062",2.5,37.3,87.0,59.9,8.3,85.0,2.2,6.3,4.5
Midland Park,7432,Bergen,"76,462",280.2,24.4,75.8,6.3,38.9,43.4,"6,947",2.6,38.8,90.6,63.1,6.1,92.9,0.7,2.3,3.3
Oakland,7436,Bergen,"86,629",270.8,23.9,93.2,6.9,41.3,47.3,"12,466",2.9,38.9,93.2,69.6,6.2,91.4,1.1,2.8,3.6
Ramsey,7446,Bergen,"88,318",340.6,23.7,84.2,6.8,54.5,53.6,"14,374",2.7,38.6,87.7,66.1,7.2,89.9,0.4,5.7,2.5
Ridgewood,7450,Bergen,"104,286",421.6,22.8,79.9,7.2,66.7,61.5,"24,936",2.9,38.6,88.1,68.6,4.1,84.7,1.8,8.4,3.9
Ridgewood,7451,Bergen,,,,,,,,,,,,,,,,,
Glen Rock,7452,Bergen,"104,192",350.5,23.9,92.4,7.1,61.0,62.7,"11,546",2.9,39.5,90.1,72.5,4.6,88.2,1.3,6.2,2.9
Saddle River,7458,Bergen,"129,163",741.8,24.1,95.0,9.1,60.1,62.0,"10,942",3.0,41.8,90.9,73.2,3.8,89.0,0.7,5.9,2.3
Waldwick,7463,Bergen,"75,532",253.3,25.0,89.3,6.6,36.6,43.1,"9,622",2.8,38.1,88.3,65.0,6.1,88.2,0.7,4.9,5.3
Wyckoff,7481,Bergen,"103,614",456.5,22.7,92.8,7.6,56.6,56.2,"16,508",2.9,40.9,85.9,70.5,3.5,92.5,0.4,3.8,2.5
Mahwah,7495,Bergen,,,,,,,,,,,,,,,,,
Hackensack,7601,Bergen,"49,316",182.2,27.8,32.4,3.6,29.1,35.6,"42,677",2.3,36.2,94.3,46.5,11.2,39.9,23.2,7.4,26.0
Hackensack,7602,Bergen,,,,,,,,,,,,,,,,,
Bogota,7603,Bergen,"59,813",186.8,25.5,66.8,5.8,28.3,34.3,"8,249",2.8,36.5,83.0,54.6,7.0,63.3,7.2,7.4,20.0
Hasbrouck Heights,7604,Bergen,"64,529",238.3,23.6,69.4,6.0,29.9,43.1,"11,662",2.5,40.1,88.9,60.2,6.2,83.0,1.2,5.3,8.4
Leonia,7605,Bergen,"72,440",307.0,24.0,65.6,6.0,49.8,51.0,"8,914",2.7,39.9,85.7,61.2,7.8,57.9,1.7,26.1,12.6
South Hackensack,7606,Bergen,"59,167",258.3,26.1,55.3,5.1,13.3,26.7,"2,187",2.7,37.7,95.1,61.9,6.7,72.7,3.4,4.2,18.0
Maywood,7607,Bergen,"62,113",220.4,24.0,68.4,5.8,31.1,37.6,"9,523",2.5,40.2,81.5,59.1,8.9,77.0,2.7,6.6,11.5
Teterboro,7608,Bergen,,,,,,,,,,,,,,,,,
Alpine,7620,Bergen,,,,,,,,,,,,,,,,,
Bergenfield,7621,Bergen,"62,166",203.8,26.0,71.1,5.8,32.3,38.0,"26,264",2.9,37.6,86.0,59.5,6.2,54.0,6.2,20.2,16.8
Closter,7624,Bergen,"85,485",395.1,25.8,87.2,7.0,50.9,51.6,"8,975",3.0,39.8,88.5,69.4,5.2,73.9,0.3,20.2,3.6
Cresskill,7626,Bergen,"84,692",309.8,24.2,89.1,6.8,50.0,53.6,"7,746",2.9,40.9,86.2,66.8,4.4,74.8,0.0,19.5,3.9
Demarest,7627,Bergen,"103,286",398.8,23.9,91.8,7.5,58.9,61.6,"4,845",3.0,41.1,86.6,73.4,3.3,74.5,0.5,20.2,3.0
Dumont,7628,Bergen,"65,497",217.5,25.1,74.3,6.1,27.3,37.6,"17,486",2.7,38.4,87.3,60.6,6.0,78.3,1.0,11.0,8.4
Emerson,7630,Bergen,"74,556",287.3,26.2,92.3,7.0,40.2,47.7,"7,197",3.0,41.1,84.4,66.5,4.2,85.7,0.3,8.2,4.5
Englewood,7631,Bergen,"58,379",218.7,24.4,59.2,5.3,36.7,38.6,"26,203",2.8,37.4,82.8,53.3,9.4,31.6,37.3,5.2,21.6
Englewood Cliffs,7632,Bergen,"106,478",557.1,24.2,91.5,7.8,52.4,57.0,"5,322",2.9,44.8,83.6,70.3,3.3,63.4,0.9,29.0,4.9
Harrington Park,7640,Bergen,"100,302",379.6,23.7,94.1,7.7,58.4,54.5,"4,740",3.0,40.2,90.9,69.8,2.8,80.8,1.3,14.3,3.2
Haworth,7641,Bergen,"101,836",414.2,24.3,94.9,7.6,57.0,59.1,"3,390",2.9,41.1,91.2,68.9,2.9,85.9,0.5,8.8,3.5
Hillsdale,7642,Bergen,"82,904",320.7,23.9,88.9,7.2,45.8,45.9,"10,087",2.8,39.5,87.5,67.4,5.4,89.1,1.1,5.1,4.2
Little Ferry,7643,Bergen,"49,958",211.3,30.2,46.2,4.4,24.1,34.4,"10,800",2.4,37.1,87.1,55.0,8.1,60.9,4.0,17.0,15.2
Lodi,7644,Bergen,"43,421",204.7,27.9,42.1,4.3,18.6,27.4,"23,971",2.5,36.4,85.7,51.9,8.5,66.9,3.8,8.3,17.9
Montvale,7645,Bergen,"93,031",373.9,24.1,85.0,7.2,55.3,55.3,"7,034",2.7,39.7,93.8,70.6,4.5,90.9,0.2,5.7,2.5
New Milford,7646,Bergen,"59,118",245.6,24.5,63.2,5.7,32.4,41.6,"16,400",2.5,39.9,85.8,59.3,6.9,72.7,2.3,14.0,8.4
Northvale,7647,Bergen,"74,423",277.5,24.4,81.6,6.8,29.5,41.9,"4,851",2.9,40.6,89.6,63.8,5.2,79.5,1.4,12.6,4.9
Norwood,7648,Bergen,"92,754",376.3,26.1,85.3,7.1,42.8,50.6,"5,766",3.1,40.9,83.5,69.0,3.3,76.3,0.8,18.3,2.6
Oradell,7649,Bergen,"91,014",366.7,23.3,89.8,7.2,51.8,56.6,"8,047",2.8,41.5,87.0,70.1,4.9,87.7,0.4,7.6,3.6
Palisades Park,7650,Bergen,"48,015",272.6,27.4,37.1,4.3,30.6,33.0,"17,073",2.7,35.6,93.3,57.4,5.8,38.3,0.7,41.0,16.3
Paramus,7652,Bergen,"76,918",316.0,24.7,90.6,7.0,38.6,44.1,"25,737",3.1,42.9,86.5,63.4,4.8,75.5,1.0,17.1,4.6
Paramus,7653,Bergen,,,,,,,,,,,,,,,,,
Park Ridge,7656,Bergen,"86,632",330.6,22.6,81.9,6.9,44.9,47.1,"8,708",2.7,40.9,88.9,66.5,5.6,87.8,1.2,3.6,5.1
Ridgefield,7657,Bergen,"54,081",267.6,27.1,57.3,5.4,25.9,35.9,"10,830",2.6,39.5,87.5,59.8,5.6,66.1,1.5,16.3,13.7
Ridgefield Park,7660,Bergen,"51,825",194.1,24.9,53.2,4.9,26.1,32.1,"12,873",2.5,37.2,86.1,54.2,9.0,65.1,2.6,8.4,21.9
River Edge,7661,Bergen,"71,792",277.7,24.6,74.3,6.3,45.3,50.9,"10,946",2.6,40.0,84.9,65.3,5.6,80.0,0.9,12.2,5.5
Rochelle Park,7662,Bergen,"60,818",212.5,24.9,75.3,6.0,23.6,37.5,"5,528",2.6,43.2,74.8,54.7,5.6,83.3,0.1,6.2,8.5
Saddle Brook,7663,Bergen,"63,545",222.5,23.9,74.4,5.8,25.2,35.4,"13,155",2.5,40.3,87.6,59.0,6.9,86.2,1.2,5.5,6.2
Teaneck,7666,Bergen,"74,903",230.9,24.5,77.5,6.4,47.8,53.1,"39,260",2.9,38.4,83.0,59.4,6.7,50.9,26.9,7.2,10.9
Tenafly,7670,Bergen,"90,931",434.4,25.5,80.6,7.0,62.1,58.3,"13,806",2.8,40.9,85.4,64.9,5.9,73.7,1.1,18.7,5.0
Westwood,7675,Bergen,"82,723",349.0,25.5,83.9,7.0,45.9,50.2,"40,613",2.7,40.3,87.2,67.8,5.7,86.5,2.0,6.6,3.7
Township Of Washington,7676,Bergen,,,,,,,,,,,,,,,,,
Woodcliff Lake,7677,Bergen,,,,,,,,,,,,,,,,,
Teterboro,7699,Bergen,,,,,,,,,,,,,,,,,
Beverly,8010,Burlington,"48,162",121.0,22.5,65.8,5.6,17.7,30.9,"10,548",2.5,37.3,88.9,54.8,9.6,64.3,22.5,2.0,6.2
Birmingham,8011,Burlington,,,,,,,,,,,,,,,,,
Browns Mills,8015,Burlington,"48,826",104.8,23.8,83.1,5.8,8.6,21.6,"21,169",2.8,35.3,90.8,56.1,9.3,66.2,18.0,3.4,7.5
Burlington,8016,Burlington,"54,114",148.1,23.5,73.4,6.3,21.4,33.2,"30,779",2.7,36.4,84.7,57.3,8.5,66.9,23.6,2.7,4.0
Chatsworth,8019,Burlington,,,,,,,,,,,,,,,,,
Columbus,8022,Burlington,"55,309",183.3,24.6,95.9,6.0,28.9,38.0,"5,685",2.5,46.7,84.5,71.2,3.0,91.6,2.5,3.3,2.4
Hainesport,8036,Burlington,,,,,,,,,,,,,,,,,
Jobstown,8041,Burlington,,,,,,,,,,,,,,,,,
Juliustown,8042,Burlington,,,,,,,,,,,,,,,,,
Willingboro,8046,Burlington,"60,869",106.8,23.4,92.4,6.7,18.8,32.5,"33,008",3.0,37.9,82.6,55.9,8.3,22.9,65.8,1.4,5.8
Lumberton,8048,Burlington,,,,,,,,,,,,,,,,,
Maple Shade,8052,Burlington,"45,426",115.3,24.2,49.8,4.7,21.4,32.9,"19,079",2.2,36.5,91.7,50.1,10.9,81.1,6.8,5.5,4.9
Marlton,8053,Burlington,"66,642",166.6,23.4,76.5,6.6,40.3,48.4,"40,124",2.6,35.9,89.6,63.0,8.0,89.8,3.1,3.7,1.8
Mount Laurel,8054,Burlington,"63,750",162.4,23.0,83.6,6.1,42.1,49.5,"40,221",2.4,38.9,84.7,61.9,7.9,85.4,6.8,4.2,2.1
Medford,8055,Burlington,"81,863",220.0,23.7,86.8,7.7,49.7,53.7,"26,983",2.7,40.0,87.5,69.9,5.9,95.9,0.9,1.0,1.0
Moorestown,8057,Burlington,"78,441",275.0,23.0,81.5,7.4,51.9,55.8,"19,224",2.7,40.9,83.6,65.5,7.3,88.1,4.4,2.6,1.9
Mount Holly,8060,Burlington,"58,022",137.6,23.4,73.4,6.2,25.2,36.0,"36,896",2.7,35.4,92.5,59.5,9.8,72.3,15.8,3.0,5.8
New Lisbon,8064,Burlington,,,,,,,,,,,,,,,,,
Palmyra,8065,Burlington,"51,150",121.7,23.2,69.9,5.6,21.8,32.5,"7,091",2.3,38.0,89.8,52.5,12.3,79.7,14.4,1.4,2.5
Pemberton,8068,Burlington,"46,136",121.6,21.8,56.9,5.3,12.2,20.8,"6,475",2.6,37.3,87.2,49.4,9.6,53.9,28.5,2.1,10.6
Rancocas,8073,Burlington,,,,,,,,,,,,,,,,,
Riverside,8075,Burlington,"52,873",144.7,23.4,71.9,6.1,21.2,31.4,"26,477",2.6,36.3,95.0,58.5,8.3,84.7,6.7,2.2,3.0
Riverton,8076,Burlington,,,,,,,,,,,,,,,,,
Riverton,8077,Burlington,"66,844",174.3,22.2,92.8,7.5,30.0,40.4,"17,354",2.8,41.9,88.2,65.2,5.3,91.7,4.5,1.6,0.8
Vincentown,8088,Burlington,"60,773",167.4,23.4,94.2,6.6,26.2,38.2,"24,364",2.6,41.9,91.0,67.0,5.5,96.1,0.8,0.7,1.5
New Gretna,8224,Burlington,,,,,,,,,,,,,,,,,
Bordentown,8505,Burlington,"58,844",150.7,23.0,74.7,5.9,26.3,36.3,"15,163",2.5,38.1,90.8,58.6,8.8,86.3,6.8,1.8,2.7
Cookstown,8511,Burlington,,,,,,,,,,,,,,,,,
Chesterfield,8515,Burlington,,,,,,,,,,,,,,,,,
Florence,8518,Burlington,"50,709",124.3,24.0,68.8,5.3,17.2,33.2,"4,848",2.4,36.9,85.3,54.5,9.7,79.2,12.9,3.7,2.7
Roebling,8554,Burlington,"54,848",102.7,18.8,78.6,6.1,15.7,26.9,"3,684",2.5,36.1,87.1,55.5,9.8,89.6,6.1,1.3,1.3
Wrightstown,8562,Burlington,"54,227",179.0,25.8,73.7,5.5,19.8,28.8,"4,744",2.7,37.0,88.9,57.0,8.7,81.8,6.8,2.3,5.9
Fort Dix,8640,Burlington,"41,456",105.0,32.5,6.4,4.5,9.7,24.3,"7,439",9.0,33.6,925.0,77.1,3.8,41.1,32.8,1.1,23.1
Trenton,8641,Burlington,"36,272",99.3,32.5,0.5,5.5,18.8,28.0,"6,873",4.2,22.5,117.4,66.1,2.9,64.0,17.1,2.2,8.8
Cherry Hill,8002,Camden,"52,121",149.1,23.2,74.0,6.4,33.5,44.6,"20,886",2.5,42.5,79.5,56.1,8.1,81.6,5.4,7.5,3.6
Cherry Hill,8003,Camden,"87,248",201.5,21.4,90.7,7.9,57.4,58.7,"30,700",2.8,41.5,87.0,67.5,5.3,82.6,3.5,11.9,0.8
Atco,8004,Camden,"57,261",132.8,24.5,87.3,6.6,16.9,30.9,"14,707",2.8,36.0,91.4,63.2,6.4,86.2,8.4,1.5,2.3
Barrington,8007,Camden,"43,891",117.2,22.7,63.8,5.6,18.1,36.8,"5,350",2.3,38.4,85.1,55.5,8.8,91.6,3.6,1.1,2.6
Berlin,8009,Camden,"55,369",136.8,23.5,81.1,6.3,19.5,30.9,"11,877",2.8,36.6,92.1,59.9,6.9,86.0,7.2,1.9,3.8
Blackwood,8012,Camden,"53,479",133.0,23.4,69.6,6.1,23.7,34.7,"39,398",2.7,36.2,88.5,57.0,8.0,83.6,9.5,2.7,2.7
Cedar Brook,8018,Camden,,,,,,,,,,,,,,,,,
Clementon,8021,Camden,"41,160",99.3,24.0,55.1,4.9,16.0,27.7,"45,733",2.4,34.2,87.0,49.7,10.9,71.5,18.1,2.4,5.2
Gibbsboro,8026,Camden,"57,326",129.1,25.9,91.4,7.0,23.3,40.6,"2,435",2.9,38.6,91.8,64.4,5.7,90.9,4.6,0.6,2.6
Glendora,8029,Camden,"42,233",115.3,22.6,79.5,6.0,9.4,24.4,"4,914",2.5,40.4,77.7,57.0,7.1,95.4,0.4,0.2,1.6
Gloucester City,8030,Camden,"38,243",86.2,22.2,74.1,5.8,8.1,20.2,"13,474",2.6,36.4,87.0,49.2,8.8,96.2,0.8,0.5,1.9
Bellmawr,8031,Camden,"43,987",105.6,23.0,70.7,5.5,10.2,23.0,"11,617",2.5,39.7,91.5,54.5,7.4,89.5,1.6,3.9,3.8
Haddonfield,8033,Camden,"72,340",210.3,22.3,76.4,6.8,56.9,60.3,"16,553",2.4,41.3,84.0,61.7,5.8,94.8,1.7,1.0,1.3
Cherry Hill,8034,Camden,"66,284",154.7,21.6,81.4,6.9,42.9,51.6,"18,287",2.5,41.7,88.0,61.0,6.5,86.3,3.1,6.8,2.2
Haddon Heights,8035,Camden,"58,424",155.1,23.1,78.0,6.5,38.0,48.9,"7,547",2.4,40.6,84.0,60.8,6.9,97.8,0.1,0.3,1.4
Voorhees,8043,Camden,"68,402",192.9,24.1,67.7,6.4,46.1,54.0,"28,126",2.6,37.2,87.5,61.3,7.2,76.3,7.7,10.9,2.8
Lawnside,8045,Camden,"44,926",110.1,23.3,72.6,6.5,18.4,30.7,"2,717",2.6,42.4,77.7,41.4,9.2,2.2,90.2,2.8,3.2
Magnolia,8049,Camden,"46,250",104.0,24.6,80.2,5.7,13.2,26.1,"5,265",2.5,36.5,86.4,55.5,8.7,78.6,14.3,1.0,3.8
Mount Ephraim,8059,Camden,"44,973",105.0,23.7,82.1,5.7,13.3,30.5,"5,432",2.4,39.7,91.3,54.6,9.0,95.3,0.3,1.8,1.5
Runnemede,8078,Camden,"40,811",107.6,23.1,69.4,5.7,12.6,25.6,"8,381",2.5,37.7,86.3,51.1,11.4,90.0,4.0,1.3,3.6
Sicklerville,8081,Camden,"61,366",129.0,24.3,87.2,6.6,22.9,35.0,"42,876",3.0,32.3,89.2,63.4,7.4,66.4,25.5,2.0,3.3
Somerdale,8083,Camden,"51,613",122.7,22.3,73.5,6.4,20.9,33.4,"9,795",2.6,38.5,93.4,56.3,9.7,79.8,12.4,3.4,3.2
Stratford,8084,Camden,"50,977",125.2,24.8,72.8,6.5,19.9,36.5,"7,271",2.6,37.7,84.0,58.4,7.7,86.1,5.1,3.0,3.5
Waterford Works,8089,Camden,"52,310",123.1,23.9,91.9,6.3,11.9,27.9,"3,877",3.0,39.1,93.7,58.3,5.2,70.1,22.9,0.2,5.9
West Berlin,8091,Camden,"54,708",120.9,22.1,77.8,6.2,15.1,27.2,"5,274",2.8,35.8,91.5,57.9,8.9,79.4,11.6,2.4,4.7
Winslow,8095,Camden,,,,,,,,,,,,,,,,,
Bellmawr,8099,Camden,,,,,,,,,,,,,,,,,
Camden,8101,Camden,,,,,,,,,,,,,,,,,
Camden,8102,Camden,"16,573",35.0,20.5,31.9,4.7,6.2,25.5,"10,210",3.9,28.9,143.2,41.2,7.0,8.0,38.0,0.9,52.2
Camden,8103,Camden,"23,139",40.5,24.4,50.5,5.7,5.6,18.5,"15,030",3.3,30.0,86.5,33.1,9.8,4.2,67.6,0.0,25.9
Camden,8104,Camden,"23,878",45.8,25.5,47.8,5.2,5.2,15.9,"24,794",3.0,26.5,72.8,32.5,10.1,10.7,62.3,1.6,22.6
Haddon Township,8104,Camden,"23,878",45.8,25.5,47.8,5.2,5.2,15.9,"24,794",3.0,26.5,72.8,32.5,10.1,10.7,62.3,1.6,22.6
Camden,8105,Camden,"27,485",51.6,22.9,47.9,4.7,5.0,15.4,"30,833",3.3,26.2,83.9,40.6,8.7,6.6,35.0,5.3,51.8
Audubon,8106,Camden,"47,220",117.5,22.3,67.7,5.9,22.5,33.2,"10,284",2.4,38.5,82.5,54.8,9.1,97.1,0.2,1.0,1.5
Haddon Township,8107,Camden,"41,019",104.4,23.2,59.6,5.5,20.8,33.4,"13,559",2.4,36.1,86.9,47.2,10.5,76.6,8.3,5.2,7.7
Oaklyn,8107,Camden,"41,019",104.4,23.2,59.6,5.5,20.8,33.4,"13,559",2.4,36.1,86.9,47.2,10.5,76.6,8.3,5.2,7.7
Collingswood,8108,Camden,"49,530",124.9,22.5,65.8,6.0,32.0,43.7,"18,449",2.3,39.1,80.3,51.6,9.4,91.1,2.2,2.0,3.2
Haddon Township,8108,Camden,"49,530",124.9,22.5,65.8,6.0,32.0,43.7,"18,449",2.3,39.1,80.3,51.6,9.4,91.1,2.2,2.0,3.2
Merchantville,8109,Camden,"49,289",120.0,23.6,75.7,6.3,20.3,32.4,"22,720",2.6,38.9,84.4,56.9,7.9,74.7,14.1,2.9,6.9
Pennsauken,8110,Camden,"44,443",93.7,24.9,81.5,6.1,10.9,23.3,"15,920",3.1,32.5,88.3,50.4,7.7,37.8,29.3,6.8,22.2
Avalon,8202,Cape May,"56,932",459.8,27.0,87.4,6.6,37.2,41.0,"2,210",2.0,56.1,87.3,71.1,5.8,99.6,0.0,0.0,0.3
Cape May,8204,Cape May,"40,766",135.4,25.8,75.5,5.4,20.1,29.2,"18,724",2.4,43.7,82.6,59.0,8.4,93.4,2.8,0.9,1.7
Cape May Court House,8210,Cape May,"50,250",142.4,23.6,85.1,5.9,20.0,32.1,"14,413",2.8,38.5,88.8,61.3,8.0,86.5,10.1,1.0,0.9
Cape May Point,8212,Cape May,,,,,,,,,,,,,,,,,
Dennisville,8214,Cape May,,,,,,,,,,,,,,,,,
Goshen,8218,Cape May,,,,,,,,,,,,,,,,,
Green Creek,8219,Cape May,,,,,,,,,,,,,,,,,
Marmora,8223,Cape May,"51,272",183.4,24.8,89.1,6.0,33.1,40.2,"4,432",2.7,39.5,90.7,66.0,6.4,94.8,0.9,0.2,1.8
Ocean City,8226,Cape May,"44,158",237.5,22.9,62.0,5.5,33.4,38.2,"15,378",2.0,47.8,80.9,54.2,12.0,92.1,3.9,0.4,2.2
Ocean View,8230,Cape May,"65,857",172.1,22.7,92.2,6.8,29.8,40.3,"5,722",2.9,39.2,80.1,63.5,4.6,99.0,0.1,0.3,0.0
Rio Grande,8242,Cape May,"29,891",93.4,26.8,75.0,4.8,10.0,17.2,"2,966",2.4,41.0,88.1,49.2,11.7,93.7,2.1,0.0,3.7
Sea Isle City,8243,Cape May,"45,708",283.8,24.8,75.1,5.5,28.3,34.6,"2,824",2.1,51.3,83.9,56.7,8.3,97.9,0.0,0.0,1.0
South Dennis,8245,Cape May,,,,,,,,,,,,,,,,,
South Seaville,8246,Cape May,,,,,,,,,,,,,,,,,
Stone Harbor,8247,Cape May,"51,875",458.4,23.4,83.3,5.9,45.1,43.4,"1,192",1.8,57.1,85.5,59.5,9.8,97.3,0.6,0.6,0.8
Strathmere,8248,Cape May,,,,,,,,,,,,,,,,,
Tuckahoe,8250,Cape May,,,,,,,,,,,,,,,,,
Villas,8251,Cape May,"33,726",87.0,27.1,79.9,4.9,9.0,17.6,"10,082",2.4,39.0,85.2,55.2,12.6,95.2,1.0,0.0,2.4
Whitesboro,8252,Cape May,,,,,,,,,,,,,,,,,
Wildwood,8260,Cape May,"30,487",141.6,28.1,59.0,4.8,14.2,27.2,"15,343",2.2,42.9,88.9,52.9,11.4,83.8,5.7,0.7,8.2
Woodbine,8270,Cape May,"50,816",136.7,22.6,81.7,6.0,16.8,30.4,"8,308",3.1,36.1,117.3,56.1,7.9,80.3,10.3,0.4,7.5
Bridgeton,8302,Cumberland,"35,835",99.1,23.2,66.6,5.5,10.3,24.3,"44,505",3.2,34.6,117.8,52.4,7.2,50.0,30.7,0.8,15.0
Cedarville,8311,Cumberland,"45,809",98.8,20.6,88.5,5.9,12.6,24.3,"1,905",2.9,36.9,104.2,60.6,7.7,78.3,9.6,2.3,6.1
Deerfield Street,8313,Cumberland,,,,,,,,,,,,,,,,,
Delmont,8314,Cumberland,,,,,,,,,,,,,,,,,
Dividing Creek,8315,Cumberland,,,,,,,,,,,,,,,,,
Dorchester,8316,Cumberland,,,,,,,,,,,,,,,,,
Fairton,8320,Cumberland,,,,,,,,,,,,,,,,,
Fortescue,8321,Cumberland,,,,,,,,,,,,,,,,,
Greenwich,8323,Cumberland,,,,,,,,,,,,,,,,,
Heislerville,8324,Cumberland,,,,,,,,,,,,,,,,,
Leesburg,8327,Cumberland,,,,,,,,,,,,,,,,,
Mauricetown,8329,Cumberland,,,,,,,,,,,,,,,,,
Millville,8332,Cumberland,"40,471",92.7,22.3,68.1,5.4,11.6,23.1,"33,846",2.6,34.8,85.7,51.9,10.2,73.6,14.0,0.5,9.6
Newport,8345,Cumberland,,,,,,,,,,,,,,,,,
Port Elizabeth,8348,Cumberland,,,,,,,,,,,,,,,,,
Port Norris,8349,Cumberland,"39,602",77.0,20.5,84.5,5.9,8.4,21.7,"2,628",2.9,37.0,89.2,55.0,9.9,67.7,26.7,0.0,3.7
Rosenhayn,8352,Cumberland,,,,,,,,,,,,,,,,,
Shiloh,8353,Cumberland,,,,,,,,,,,,,,,,,
Vineland,8360,Cumberland,"36,163",98.1,23.4,61.5,5.1,10.0,23.0,"39,757",2.7,35.2,84.1,51.1,10.3,46.5,13.1,0.4,37.2
Vineland,8361,Cumberland,"51,839",128.5,22.0,77.9,6.0,22.6,33.5,"16,290",2.8,40.7,73.3,61.3,7.0,78.6,5.7,1.7,12.5
Vineland,8362,Cumberland,,,,,,,,,,,,,,,,,
Bloomfield,7003,Essex,"53,225",183.0,24.8,53.1,5.1,31.8,38.7,"47,674",2.5,37.1,86.3,53.0,7.6,62.7,11.2,8.5,14.5
Fairfield,7004,Essex,"83,120",302.3,23.3,93.3,7.4,34.7,42.2,"7,063",3.0,40.7,92.0,67.3,3.4,92.7,0.0,1.3,3.7
Caldwell,7006,Essex,"82,196",304.6,22.7,75.5,6.8,49.5,53.8,"26,192",2.7,39.3,89.7,60.8,6.0,86.4,4.7,3.8,3.4
Caldwell,7007,Essex,,,,,,,,,,,,,,,,,
Cedar Grove,7009,Essex,"78,863",261.3,24.1,79.0,6.6,41.3,51.6,"12,300",2.8,44.0,82.9,59.4,6.7,87.3,3.2,4.9,3.3
East Orange,7017,Essex,"33,418",140.3,27.5,28.2,4.1,16.4,25.4,"39,538",2.6,33.3,72.8,36.8,10.8,3.2,86.4,0.3,5.3
East Orange,7018,Essex,"31,536",134.8,26.9,24.7,4.1,13.2,23.4,"30,379",2.6,32.4,71.6,38.4,8.1,2.6,88.8,0.4,3.8
East Orange,7019,Essex,,,,,,,,,,,,,,,,,
Essex Fells,7021,Essex,"149,386",651.2,20.5,97.5,8.5,72.5,65.5,"2,146",2.9,40.3,94.1,72.8,4.3,94.8,1.2,1.5,1.3
Glen Ridge,7028,Essex,"104,106",278.3,22.6,91.2,7.7,64.5,61.1,"7,392",2.9,37.8,88.3,68.0,7.5,87.7,3.8,4.2,3.9
Livingston,7039,Essex,"99,494",319.7,23.2,94.5,7.5,57.8,56.1,"27,262",2.9,40.7,88.5,70.6,4.0,80.8,0.8,14.3,2.8
Maplewood,7040,Essex,"79,683",240.3,24.2,78.0,6.6,50.7,52.4,"23,847",2.8,37.7,85.8,60.3,7.3,56.2,32.4,2.8,5.3
Millburn,7041,Essex,"84,654",366.5,21.0,67.2,6.2,64.8,64.6,"6,841",2.5,38.8,88.3,63.8,7.7,87.3,0.5,6.8,3.6
Montclair,7042,Essex,"60,962",258.2,24.0,45.6,5.1,49.9,53.2,"26,948",2.5,36.9,78.1,47.8,9.1,44.2,42.5,3.0,5.9
Montclair,7043,Essex,"115,498",374.3,21.7,83.8,7.6,73.5,68.6,"11,994",2.8,38.6,86.5,67.5,6.2,84.9,4.1,3.6,5.1
Verona,7044,Essex,"74,284",257.0,23.9,77.6,6.4,50.4,51.7,"13,969",2.4,41.7,81.1,62.1,6.6,90.4,0.7,4.4,3.4
Orange,7050,Essex,"35,759",146.1,26.4,25.4,4.1,16.6,25.6,"32,868",2.7,32.5,76.5,41.6,9.8,7.6,74.6,0.9,12.4
Orange,7051,Essex,,,,,,,,,,,,,,,,,
West Orange,7052,Essex,"69,115",224.1,23.8,69.9,6.2,43.1,47.1,"45,017",2.7,39.4,81.7,59.7,6.4,61.8,15.8,8.4,10.2
Roseland,7068,Essex,"82,323",319.2,25.7,79.5,6.9,46.4,52.7,"5,314",2.4,44.0,84.8,62.0,6.8,90.8,0.0,7.2,1.5
Short Hills,7078,Essex,"185,466",761.9,19.0,92.1,9.1,79.2,66.0,"12,888",3.0,39.4,89.0,76.2,3.3,87.7,0.6,7.9,2.4
South Orange,7079,Essex,"82,865",290.7,23.0,72.2,7.3,57.1,53.0,"17,049",3.0,34.8,89.2,50.1,5.7,57.9,30.7,3.4,4.6
Newark,7101,Essex,,,,,,,,,,,,,,,,,
Newark,7102,Essex,"13,421",160.1,35.3,6.8,3.1,11.5,28.5,"12,163",2.6,32.3,121.5,34.4,8.1,6.9,64.9,1.8,23.9
Newark,7103,Essex,"20,591",109.6,28.0,22.6,4.6,7.5,22.6,"31,401",3.1,28.6,73.6,30.2,8.0,3.4,81.8,0.7,12.4
Newark,7104,Essex,"28,262",162.0,26.1,22.0,4.0,10.6,19.8,"51,438",3.1,30.4,94.4,42.3,7.9,11.8,21.7,1.1,62.8
Newark,7105,Essex,"35,044",207.9,30.5,25.7,4.2,7.2,13.2,"44,450",2.8,32.5,103.7,54.8,5.3,51.9,4.8,0.4,35.4
Newark,7106,Essex,"32,877",136.8,28.2,34.0,4.7,13.7,23.1,"33,935",3.0,31.0,77.8,43.4,6.6,7.5,79.5,2.6,6.2
Newark,7107,Essex,"25,095",150.8,26.2,23.4,4.3,6.8,15.2,"36,240",2.9,29.9,84.1,42.3,7.3,11.3,38.0,1.5,45.2
Newark,7108,Essex,"19,127",110.2,31.5,20.6,4.4,6.4,19.0,"25,140",2.9,28.8,63.8,30.8,7.4,0.6,91.1,0.2,6.6
Belleville,7109,Essex,"48,608",163.9,25.8,50.9,4.9,21.7,30.8,"35,875",2.6,36.2,88.3,51.9,8.2,57.2,4.5,11.6,23.6
Nutley,7110,Essex,"59,634",208.0,24.9,66.8,5.7,32.9,41.0,"27,362",2.5,39.3,82.7,58.0,7.1,83.2,1.7,7.2,6.7
Irvington,7111,Essex,"36,590",138.1,26.8,29.6,4.4,12.0,21.0,"60,654",2.7,31.5,79.1,40.1,8.3,5.8,79.8,1.2,8.3
Newark,7112,Essex,"30,392",137.4,25.4,28.1,4.7,10.8,21.8,"26,815",2.8,31.7,73.4,35.2,9.9,0.6,93.9,0.4,3.3
Newark,7114,Essex,"14,457",130.3,19.7,12.1,3.7,3.9,13.1,"11,842",3.6,31.9,175.8,40.8,7.5,8.2,52.3,0.1,36.7
Newark,7175,Essex,,,,,,,,,,,,,,,,,
Newark,7182,Essex,,,,,,,,,,,,,,,,,
Newark,7184,Essex,,,,,,,,,,,,,,,,,
Newark,7188,Essex,,,,,,,,,,,,,,,,,
Newark,7189,Essex,,,,,,,,,,,,,,,,,
Newark,7191,Essex,,,,,,,,,,,,,,,,,
Newark,7192,Essex,,,,,,,,,,,,,,,,,
Newark,7193,Essex,,,,,,,,,,,,,,,,,
Newark,7194,Essex,,,,,,,,,,,,,,,,,
Newark,7195,Essex,,,,,,,,,,,,,,,,,
Newark,7198,Essex,,,,,,,,,,,,,,,,,
Newark,7199,Essex,,,,,,,,,,,,,,,,,
Bridgeport,8014,Gloucester,,,,,,,,,,,,,,,,,
Clarksboro,8020,Gloucester,"71,023",161.6,18.9,82.8,6.5,29.7,42.9,"2,445",3.0,42.0,85.7,61.6,8.4,95.9,0.8,0.0,2.9
Ewan,8025,Gloucester,,,,,,,,,,,,,,,,,
Gibbstown,8027,Gloucester,"53,454",126.1,22.9,85.2,6.3,17.4,28.3,"4,885",2.5,40.2,88.0,61.2,6.1,93.4,2.5,1.0,1.4
Glassboro,8028,Gloucester,"44,805",125.7,23.1,63.8,5.8,23.0,34.0,"20,197",3.0,27.4,89.9,51.5,6.3,71.1,20.3,2.6,4.0
Grenloch,8032,Gloucester,,,,,,,,,,,,,,,,,
Harrisonville,8039,Gloucester,,,,,,,,,,,,,,,,,
Mantua,8051,Gloucester,"51,404",111.4,22.5,83.7,5.7,25.6,34.8,"10,154",2.3,35.9,82.5,58.9,8.5,92.3,4.0,1.6,0.4
Mickleton,8056,Gloucester,"66,058",176.9,20.9,98.4,7.3,21.0,40.0,"2,380",2.7,41.0,85.1,71.7,4.2,95.7,0.5,1.9,0.0
Mount Royal,8061,Gloucester,,,,,,,,,,,,,,,,,
Mullica Hill,8062,Gloucester,"73,070",195.0,24.0,88.4,7.2,35.1,44.2,"10,356",2.9,36.0,90.6,68.9,6.0,95.1,2.5,0.1,0.8
National Park,8063,Gloucester,"48,922",102.5,24.6,85.2,5.7,6.7,18.1,"3,327",2.8,36.8,92.9,59.7,8.4,96.1,0.0,0.1,2.6
Paulsboro,8066,Gloucester,"36,848",85.9,23.1,54.7,5.2,10.6,18.8,"8,361",2.4,34.9,92.1,46.1,12.3,67.9,24.9,0.1,3.9
Pitman,8071,Gloucester,"50,596",132.0,22.8,75.5,6.2,32.2,42.9,"9,835",2.6,38.5,83.3,60.2,8.5,97.0,0.3,0.5,1.6
Richwood,8074,Gloucester,,,,,,,,,,,,,,,,,
Sewell,8080,Gloucester,"70,418",161.8,23.1,89.6,7.3,31.7,41.7,"36,876",3.1,35.2,91.1,66.3,5.5,89.3,4.3,3.4,2.0
Swedesboro,8085,Gloucester,"68,214",137.6,22.0,86.4,7.0,24.9,38.1,"10,705",3.0,33.9,93.5,65.7,6.9,80.6,11.2,2.4,4.4
Thorofare,8086,Gloucester,"51,146",123.2,23.4,67.4,5.6,17.9,30.5,"5,437",2.4,37.5,89.1,56.0,11.4,90.2,7.1,0.2,1.7
Wenonah,8090,Gloucester,"56,944",123.9,23.5,89.8,6.7,18.5,31.9,"8,388",2.7,37.8,91.1,63.1,6.3,88.1,9.3,0.5,1.5
Westville,8093,Gloucester,"43,696",101.4,23.5,63.3,5.1,10.6,22.2,"10,163",2.5,35.3,92.3,51.5,11.0,81.9,9.2,0.4,4.7
Williamstown,8094,Gloucester,"50,206",119.5,23.4,84.9,6.1,15.4,25.6,"32,534",2.7,36.9,87.5,59.0,8.8,83.3,10.3,1.1,2.9
Deptford,8096,Gloucester,"49,702",122.7,23.4,73.6,6.0,19.5,31.7,"32,743",2.6,38.0,84.5,54.6,8.2,82.8,10.6,1.9,2.3
Woodbury,8096,Gloucester,"49,702",122.7,23.4,73.6,6.0,19.5,31.7,"32,743",2.6,38.0,84.5,54.6,8.2,82.8,10.6,1.9,2.3
Woodbury Heights,8097,Gloucester,"63,024",136.5,22.3,92.4,7.4,22.6,31.4,"3,276",2.9,38.5,90.3,68.2,3.8,90.5,6.2,2.1,0.5
Clayton,8312,Gloucester,"53,125",106.0,22.6,78.8,5.7,18.9,26.5,"7,112",2.9,33.6,89.2,63.2,5.6,78.1,15.1,1.9,1.9
Franklinville,8322,Gloucester,"54,028",125.1,23.0,88.1,6.0,14.9,26.7,"9,401",2.9,36.0,95.1,61.1,7.1,89.5,6.2,0.4,1.7
Malaga,8328,Gloucester,,,,,,,,,,,,,,,,,
Newfield,8344,Gloucester,"48,879",109.4,22.3,87.9,5.8,15.9,26.8,"6,041",2.9,37.3,108.0,53.9,9.7,76.0,11.9,0.3,9.5
Bayonne,7002,Hudson,"41,566",186.9,24.1,40.0,4.8,20.9,31.9,"61,842",2.4,38.1,85.1,49.7,7.6,70.0,4.6,4.1,17.7
Harrison,7029,Hudson,"41,864",179.9,26.7,32.1,4.4,19.8,22.3,"16,801",2.8,33.9,99.5,54.2,6.4,45.9,0.6,10.6,38.6
Hoboken,7030,Hudson,"62,550",275.1,23.4,22.9,3.6,59.3,61.0,"38,669",1.9,30.4,100.0,33.1,5.7,70.1,3.4,4.3,20.4
Kearny,7032,Hudson,"47,757",183.8,25.0,47.9,5.0,17.3,26.7,"40,513",2.9,34.7,101.1,53.3,6.9,60.3,3.4,5.6,27.3
North Bergen,7047,Hudson,"40,844",187.7,29.9,37.6,4.3,19.6,26.8,"58,206",2.7,35.9,85.3,53.8,8.1,31.3,1.7,5.9,57.4
Weehawken,7086,Hudson,,,,,,,,,,,,,,,,,
Union City,7087,Hudson,"33,132",192.3,31.4,20.8,3.7,17.2,22.7,"80,589",2.7,33.0,94.2,49.3,9.2,19.5,1.1,2.6,75.3
West New York,7093,Hudson,"34,745",185.6,31.7,22.9,3.7,19.0,23.0,"56,461",2.6,34.4,91.0,51.7,9.2,18.3,1.9,3.5,73.9
Secaucus,7094,Hudson,"59,800",227.5,25.0,60.2,5.2,29.0,40.7,"15,839",2.5,39.5,92.0,58.4,8.3,70.5,4.4,11.4,11.6
Secaucus,7096,Hudson,,,,,,,,,,,,,,,,,
Jersey City,7097,Hudson,,,,,,,,,,,,,,,,,
Kearny,7099,Hudson,,,,,,,,,,,,,,,,,
Jersey City,7302,Hudson,"45,223",195.5,21.6,20.0,3.6,43.5,48.7,"31,861",2.2,32.7,100.6,40.5,7.7,35.2,16.4,15.0,29.5
Jersey City,7303,Hudson,,,,,,,,,,,,,,,,,
Jersey City,7304,Hudson,"31,685",130.0,25.6,27.7,4.3,20.9,25.5,"41,744",2.8,31.2,83.4,43.6,6.6,12.1,43.9,12.3,25.5
Jersey City,7305,Hudson,"38,169",150.9,26.3,41.3,4.8,19.9,29.2,"58,533",2.9,33.0,77.0,44.8,7.6,16.5,49.9,11.4,17.3
Jersey City,7306,Hudson,"34,808",143.3,26.9,21.7,3.8,28.8,30.6,"55,358",2.7,32.9,102.8,48.7,6.3,25.4,14.2,23.7,29.4
Jersey City,7307,Hudson,"38,720",160.8,27.2,31.1,4.4,20.0,24.6,"46,118",2.8,32.2,92.1,50.1,7.9,31.0,4.8,13.7,45.2
Jersey City,7308,Hudson,,,,,,,,,,,,,,,,,
Jersey City,7309,Hudson,,,,,,,,,,,,,,,,,
Jersey City,7310,Hudson,"72,076",242.7,18.4,9.3,3.0,76.5,70.8,"6,441",2.0,30.3,115.1,43.6,5.7,35.9,11.3,41.0,10.1
Jersey City,7311,Hudson,,,,,,,,,,,,,,,,,
Jersey City,7395,Hudson,,,,,,,,,,,,,,,,,
Jersey City,7399,Hudson,,,,,,,,,,,,,,,,,
Califon,7830,Hunterdon,"92,370",334.7,23.2,90.4,7.6,50.1,55.4,"6,546",2.8,40.4,92.5,72.5,6.8,96.3,0.2,1.9,1.0
Pottersville,7979,Hunterdon,,,,,,,,,,,,,,,,,
Lambertville,8530,Hunterdon,"62,137",210.9,22.3,72.2,5.9,34.0,44.0,"7,356",2.5,40.9,110.4,58.2,9.4,86.0,10.1,0.7,2.3
Ringoes,8551,Hunterdon,"90,149",301.6,23.0,86.7,7.4,40.8,47.3,"5,041",2.8,38.5,92.9,74.2,4.4,92.0,0.2,3.6,3.2
Rosemont,8556,Hunterdon,,,,,,,,,,,,,,,,,
Sergeantsville,8557,Hunterdon,,,,,,,,,,,,,,,,,
Stockton,8559,Hunterdon,"83,819",297.7,22.1,84.8,6.6,39.5,46.9,"5,312",2.7,42.2,101.2,67.0,6.6,97.7,0.0,0.5,1.3
Annandale,8801,Hunterdon,"99,010",313.2,23.6,88.4,7.6,51.2,63.6,"8,074",3.1,34.5,106.4,58.2,7.0,80.2,9.5,1.7,6.2
Asbury,8802,Hunterdon,"77,079",263.9,23.0,90.3,7.3,36.4,42.5,"3,860",2.9,38.6,103.8,69.6,6.0,94.3,0.8,1.6,2.7
Baptistown,8803,Hunterdon,,,,,,,,,,,,,,,,,
Bloomsbury,8804,Hunterdon,"74,500",217.1,24.0,88.9,7.0,32.1,41.5,"2,020",2.7,38.1,100.7,63.6,6.0,96.6,0.0,1.7,0.4
Clinton,8809,Hunterdon,"68,889",227.7,22.6,75.0,5.7,34.9,56.3,"6,538",3.1,37.4,59.9,56.1,9.8,77.5,12.3,2.9,5.7
Flemington,8822,Hunterdon,"77,639",274.6,24.0,79.6,6.8,43.9,48.9,"28,564",2.7,37.7,92.1,63.7,7.6,91.3,0.6,3.3,3.4
Frenchtown,8825,Hunterdon,"59,432",237.9,25.2,75.2,6.4,28.1,39.2,"4,633",2.7,39.1,91.2,65.4,7.5,96.5,0.2,0.7,1.8
Glen Gardner,8826,Hunterdon,"75,371",263.2,23.9,80.8,6.5,35.7,44.6,"5,951",2.7,39.0,93.4,62.8,8.6,94.8,0.9,1.2,1.4
Hampton,8827,Hunterdon,"79,393",272.4,24.0,83.5,7.0,41.2,46.7,"4,446",3.1,37.0,93.6,66.5,5.5,94.0,2.2,1.0,1.4
High Bridge,8829,Hunterdon,"69,063",179.3,26.3,83.1,6.1,38.8,39.9,"3,799",2.6,36.1,88.2,64.8,8.3,94.5,0.1,2.5,1.8
Lebanon,8833,Hunterdon,"100,816",327.7,23.1,93.8,7.7,46.6,52.2,"8,502",2.9,40.5,94.2,71.2,5.7,96.7,0.5,1.2,0.9
Little York,8834,Hunterdon,,,,,,,,,,,,,,,,,
Milford,8848,Hunterdon,"70,876",232.0,23.8,88.5,6.7,29.4,39.3,"8,626",2.7,40.0,92.1,69.5,5.5,96.8,0.4,0.4,1.6
Oldwick,8858,Hunterdon,,,,,,,,,,,,,,,,,
Pittstown,8867,Hunterdon,"94,953",355.0,24.6,89.8,7.6,44.5,49.2,"4,330",2.8,39.6,107.0,74.0,4.3,93.9,0.1,2.1,3.4
Quakertown,8868,Hunterdon,,,,,,,,,,,,,,,,,
Readington,8870,Hunterdon,,,,,,,,,,,,,,,,,
Stanton,8885,Hunterdon,,,,,,,,,,,,,,,,,
Three Bridges,8887,Hunterdon,"53,828",123.5,27.1,71.0,4.7,35.2,58.3,"1,004",1.8,37.3,80.6,57.5,12.5,90.6,0.0,8.6,0.6
Whitehouse,8888,Hunterdon,,,,,,,,,,,,,,,,,
Whitehouse Station,8889,Hunterdon,"95,476",304.0,23.1,90.5,7.4,50.3,52.2,"9,609",2.7,39.6,91.9,69.6,6.6,93.5,0.7,2.8,2.1
Hightstown,8520,Mercer,"67,655",150.6,21.8,69.0,5.6,42.7,46.4,"24,573",2.6,36.6,90.1,62.3,8.4,70.4,7.9,7.2,12.5
Hopewell,8525,Mercer,"90,445",284.5,24.0,82.1,6.8,53.5,56.7,"5,034",2.6,40.7,92.3,67.0,6.1,93.0,1.9,1.7,1.5
Pennington,8534,Mercer,"92,628",281.7,21.6,91.6,7.2,62.9,64.7,"11,426",2.7,38.9,85.9,69.7,6.0,89.8,2.4,4.2,2.3
Princeton,8540,Mercer,"90,977",340.0,21.0,70.2,6.5,71.3,70.1,"43,324",2.9,34.5,92.0,67.8,5.8,77.7,4.5,11.6,3.7
Princeton,8541,Mercer,,,,,,,,,,,,,,,,,
Princeton,8542,Mercer,"56,149",242.3,24.7,37.7,4.9,52.8,48.4,"3,525",2.4,33.6,101.8,41.0,8.2,57.8,11.2,1.3,24.6
Princeton,8543,Mercer,,,,,,,,,,,,,,,,,
Princeton,8544,Mercer,,,,,,,,,,,,,,,,,
Princeton Junction,8550,Mercer,"129,375",388.7,21.9,87.1,8.4,73.6,70.6,"17,665",3.2,37.7,96.2,75.2,3.3,69.6,2.8,22.5,2.9
Titusville,8560,Mercer,"89,821",252.7,20.2,92.7,7.3,56.2,51.8,"3,444",2.6,42.5,99.7,67.2,6.5,92.9,0.4,2.2,1.8
Windsor,8561,Mercer,,,,,,,,,,,,,,,,,
Trenton,8601,Mercer,,,,,,,,,,,,,,,,,
Trenton,8602,Mercer,,,,,,,,,,,,,,,,,
Trenton,8603,Mercer,,,,,,,,,,,,,,,,,
Trenton,8604,Mercer,,,,,,,,,,,,,,,,,
Trenton,8605,Mercer,,,,,,,,,,,,,,,,,
Trenton,8606,Mercer,,,,,,,,,,,,,,,,,
Trenton,8607,Mercer,,,,,,,,,,,,,,,,,
Trenton,8608,Mercer,,,,,,,,,,,,,,,,,
Trenton,8609,Mercer,"30,995",81.0,23.9,37.7,4.8,6.2,17.2,"15,521",3.1,30.7,94.1,37.5,9.5,14.2,55.1,0.6,25.7
Trenton,8610,Mercer,"49,710",123.8,22.7,71.4,5.6,15.5,30.6,"29,725",2.5,38.8,85.7,54.5,8.9,79.3,10.0,2.5,7.2
Trenton,8611,Mercer,"30,960",68.7,22.9,45.8,5.1,9.0,20.3,"23,666",2.7,32.1,91.8,41.7,9.3,41.2,19.0,0.7,37.0
Trenton,8618,Mercer,"36,289",103.9,24.0,49.0,5.4,16.5,30.1,"36,916",2.7,33.7,77.5,38.8,10.0,23.1,67.1,0.7,6.4
Trenton,8619,Mercer,"57,696",151.5,23.0,71.5,5.6,25.5,39.1,"22,646",2.4,40.9,82.7,57.1,8.0,86.7,3.8,4.1,4.1
Trenton,8620,Mercer,"65,267",161.2,24.0,81.7,6.5,21.9,39.7,"15,705",3.4,30.7,117.1,63.6,4.5,74.8,15.7,1.4,6.6
Trenton,8625,Mercer,,,,,,,,,,,,,,,,,
Trenton,8628,Mercer,"66,627",188.6,21.2,68.6,6.3,36.7,48.2,"9,664",2.7,40.4,112.3,57.9,9.5,74.0,17.3,1.9,5.0
Trenton,8629,Mercer,"44,418",86.7,22.0,69.7,5.8,11.2,24.3,"10,639",2.6,34.0,89.2,48.0,9.6,53.5,24.6,2.0,16.7
Trenton,8638,Mercer,"41,721",115.8,23.7,66.3,5.8,16.0,27.8,"26,193",3.1,31.6,86.5,41.5,7.3,46.4,38.9,1.8,9.9
Trenton,8645,Mercer,,,,,,,,,,,,,,,,,
Trenton,8646,Mercer,,,,,,,,,,,,,,,,,
Trenton,8647,Mercer,,,,,,,,,,,,,,,,,
Trenton,8648,Mercer,"66,345",179.9,22.2,69.9,5.9,48.6,53.0,"27,883",2.6,36.3,81.7,56.7,7.5,75.6,9.9,7.8,4.8
Trenton,8650,Mercer,,,,,,,,,,,,,,,,,
Trenton,8666,Mercer,,,,,,,,,,,,,,,,,
Trenton,8677,Mercer,,,,,,,,,,,,,,,,,
Trenton,8690,Mercer,"72,920",179.3,22.3,89.9,6.8,33.5,44.9,"18,365",2.8,39.8,87.4,65.3,5.1,92.7,0.7,3.5,2.1
Trenton,8691,Mercer,"74,924",211.0,23.2,89.2,6.5,45.6,55.4,"11,157",2.5,37.3,82.3,66.5,7.7,88.5,2.2,4.1,3.5
Trenton,8695,Mercer,,,,,,,,,,,,,,,,,
Avenel,7001,Middlesex,"55,468",153.2,22.6,59.2,4.8,27.0,35.8,"14,263",3.1,35.5,112.8,60.2,7.3,55.2,12.8,18.6,9.5
Carteret,7008,Middlesex,"47,148",148.7,25.8,68.3,5.5,12.8,21.6,"20,709",2.9,37.0,88.3,54.9,7.9,57.0,9.2,7.9,23.2
Port Reading,7064,Middlesex,"59,531",171.7,24.5,85.5,6.4,14.8,30.8,"3,696",2.7,38.6,89.0,56.6,8.3,85.0,3.7,0.2,8.6
Colonia,7067,Middlesex,"67,589",199.0,23.7,89.9,6.7,24.6,37.3,"17,993",2.8,40.0,87.4,63.8,5.7,82.3,4.1,7.1,4.7
Sewaren,7077,Middlesex,"61,488",165.6,24.5,78.7,6.1,16.7,26.5,"2,781",2.6,37.7,80.0,55.8,11.4,78.1,6.1,6.5,7.9
South Plainfield,7080,Middlesex,"67,487",183.8,24.1,88.9,6.4,23.9,37.5,"21,799",3.0,37.9,91.6,62.4,5.8,72.3,8.2,7.9,8.5
Woodbridge,7095,Middlesex,"60,600",160.1,22.2,60.0,5.0,31.1,41.7,"20,704",2.5,36.3,88.2,56.5,8.3,65.2,8.5,14.8,9.5
Cranbury,8512,Middlesex,"66,436",261.0,21.3,51.7,5.2,46.2,46.3,"10,186",2.7,34.5,93.1,60.1,7.8,61.7,7.2,13.5,15.9
Plainsboro,8536,Middlesex,"70,646",230.3,21.7,37.6,4.1,70.4,68.7,"17,778",2.3,32.0,103.1,61.1,6.3,53.2,8.0,31.1,4.7
Dayton,8810,Middlesex,"80,104",189.5,24.0,80.3,6.2,50.5,55.5,"7,472",3.1,33.9,85.9,70.3,6.7,55.5,10.2,25.4,6.2
Dunellen,8812,Middlesex,"67,377",195.0,22.3,78.6,6.4,29.9,39.9,"12,569",2.8,37.6,93.0,62.0,7.1,80.1,2.0,6.1,10.4
East Brunswick,8816,Middlesex,"75,891",222.4,22.5,83.8,6.6,47.1,49.5,"45,560",2.8,39.0,87.4,66.4,5.6,74.2,2.8,16.5,4.4
Edison,8817,Middlesex,"63,980",172.2,22.8,57.9,5.0,38.2,43.7,"45,452",2.7,33.9,96.5,61.1,6.3,55.1,7.6,26.0,8.6
Edison,8818,Middlesex,,,,,,,,,,,,,,,,,
Edison,8820,Middlesex,"85,927",260.7,22.3,78.7,6.5,50.6,54.4,"37,549",2.9,38.9,90.9,67.1,4.7,51.9,5.1,38.1,3.0
Kendall Park,8824,Middlesex,"89,354",218.7,22.7,90.1,7.3,44.5,48.9,"11,867",3.1,36.5,89.0,71.5,4.8,70.3,4.3,18.0,3.8
Helmetta,8828,Middlesex,"60,125",128.2,26.3,88.2,5.0,18.4,29.0,"1,825",2.4,35.8,93.7,59.1,12.9,89.0,2.1,2.6,4.9
Iselin,8830,Middlesex,"65,506",164.9,22.9,75.1,5.7,32.4,39.5,"16,358",2.7,37.4,94.5,60.6,6.7,61.4,5.5,24.2,5.9
Monroe Township,8831,Middlesex,"54,685",178.0,23.3,90.6,5.7,27.9,36.3,"34,377",2.3,52.5,78.2,65.3,5.5,89.0,3.5,2.1,4.0
Keasbey,8832,Middlesex,"51,411",134.9,24.3,18.7,3.9,29.2,41.0,"2,968",2.6,29.5,93.5,57.2,6.3,20.0,21.1,14.5,41.6
Edison,8837,Middlesex,"57,013",176.2,23.1,48.5,4.5,34.1,42.1,"14,652",2.4,37.9,91.1,56.3,7.9,67.5,6.8,14.8,7.7
Metuchen,8840,Middlesex,"73,461",203.5,21.6,81.4,6.2,46.0,50.3,"15,726",2.6,39.1,88.1,60.7,7.1,77.8,5.0,10.0,4.6
Middlesex,8846,Middlesex,"60,723",182.1,23.8,75.0,6.0,23.4,34.9,"13,717",2.7,38.0,89.0,58.4,8.8,82.0,3.4,4.4,8.8
Milltown,8850,Middlesex,"71,817",201.6,22.3,84.9,6.6,29.9,40.1,"8,460",2.7,40.3,92.2,61.4,6.2,90.6,0.5,4.4,3.8
Monmouth Junction,8852,Middlesex,"71,712",190.7,22.7,65.5,5.3,49.2,54.4,"13,571",2.5,33.2,91.3,60.9,10.5,67.9,8.3,15.5,6.2
Piscataway,8854,Middlesex,"68,709",185.9,23.5,69.2,5.7,40.4,45.7,"50,527",3.0,33.3,91.8,58.4,6.2,44.5,19.6,24.8,7.8
Piscataway,8855,Middlesex,,,,,,,,,,,,,,,,,
Old Bridge,8857,Middlesex,"65,855",185.3,23.3,67.7,6.0,30.0,38.1,"36,014",2.7,36.4,88.3,61.6,7.5,76.2,4.0,11.0,7.3
Parlin,8859,Middlesex,"60,486",164.4,22.5,64.2,5.6,25.8,36.2,"19,971",2.7,36.5,91.9,61.1,7.7,68.6,7.4,11.6,8.5
Perth Amboy,8861,Middlesex,"38,188",147.2,25.1,42.8,4.7,9.7,17.6,"49,417",3.2,31.5,91.4,50.5,8.4,21.5,7.5,1.2,67.6
Perth Amboy,8862,Middlesex,,,,,,,,,,,,,,,,,
Fords,8863,Middlesex,"56,903",172.5,23.3,69.0,5.6,26.2,34.6,"11,649",2.6,37.5,93.3,59.1,7.9,69.6,4.8,13.8,9.7
Sayreville,8871,Middlesex,,,,,,,,,,,,,,,,,
Sayreville,8872,Middlesex,"57,961",169.5,23.8,65.1,5.6,26.7,34.8,"18,833",2.7,35.1,91.2,60.7,5.8,66.5,11.4,11.4,7.7
South Amboy,8879,Middlesex,"52,976",157.5,23.1,62.9,5.5,16.9,28.0,"21,962",2.6,36.9,90.1,54.5,8.6,82.0,3.2,4.9,7.2
South River,8882,Middlesex,"52,324",165.5,23.1,69.2,5.7,20.9,27.3,"15,322",2.7,36.4,95.9,58.6,7.2,77.9,5.9,3.3,9.9
Spotswood,8884,Middlesex,"55,833",161.0,22.8,79.5,5.8,18.1,27.8,"7,880",2.5,39.7,89.2,60.9,7.2,90.7,1.0,2.7,4.4
Edison,8899,Middlesex,,,,,,,,,,,,,,,,,
New Brunswick,8901,Middlesex,"36,048",138.7,25.6,26.2,4.4,19.2,24.8,"48,618",3.7,23.6,104.8,34.1,6.1,32.7,20.0,5.5,39.0
North Brunswick,8902,Middlesex,"61,277",182.5,23.4,62.9,5.2,36.9,45.9,"36,851",2.6,35.4,93.6,59.8,7.9,58.7,14.5,14.0,10.2
New Brunswick,8903,Middlesex,,,,,,,,,,,,,,,,,
Highland Park,8904,Middlesex,"53,250",197.5,22.4,42.0,4.5,59.4,61.5,"13,999",2.3,34.7,90.8,52.8,8.4,68.5,7.2,13.7,8.0
New Brunswick,8905,Middlesex,,,,,,,,,,,,,,,,,
New Brunswick,8906,Middlesex,,,,,,,,,,,,,,,,,
New Brunswick,8922,Middlesex,,,,,,,,,,,,,,,,,
New Brunswick,8933,Middlesex,,,,,,,,,,,,,,,,,
New Brunswick,8988,Middlesex,,,,,,,,,,,,,,,,,
New Brunswick,8989,Middlesex,,,,,,,,,,,,,,,,,
Red Bank,7701,Monmouth,"59,851",205.0,23.2,68.0,5.5,36.2,40.9,"23,114",2.3,40.0,82.9,52.8,7.7,76.8,10.5,1.7,9.8
Shrewsbury,7702,Monmouth,"86,911",280.6,23.3,95.2,7.3,48.7,50.7,"3,590",2.9,38.4,90.4,68.3,7.3,94.8,0.7,1.3,1.8
Fort Monmouth,7703,Monmouth,,,,,,,,,,,,,,,,,
Fair Haven,7704,Monmouth,"97,220",341.1,23.9,93.2,7.4,61.7,55.6,"5,937",2.9,37.4,87.0,70.8,5.6,92.3,4.3,0.5,1.6
Red Bank,7709,Monmouth,,,,,,,,,,,,,,,,,
Adelphia,7710,Monmouth,,,,,,,,,,,,,,,,,
Allenhurst,7711,Monmouth,"88,021",315.6,21.7,82.0,7.9,57.1,54.8,"1,891",2.6,42.0,97.4,64.5,6.2,97.1,0.6,0.5,0.6
Asbury Park,7712,Monmouth,"40,046",198.0,24.0,44.4,4.7,28.4,34.6,"39,877",2.4,35.0,83.1,48.4,10.2,52.0,30.1,4.8,9.8
Belmar,7715,Monmouth,,,,,,,,,,,,,,,,,
Atlantic Highlands,7716,Monmouth,"68,442",217.4,24.6,69.8,6.0,35.5,44.8,"8,849",2.4,40.7,86.6,55.1,10.4,88.0,5.2,1.9,3.0
Avon By The Sea,7717,Monmouth,"60,192",379.4,24.1,64.2,6.0,47.9,50.6,"2,237",2.0,43.9,87.5,51.4,8.9,96.8,0.4,1.5,0.9
Belford,7718,Monmouth,"65,920",175.7,24.5,93.2,6.2,21.3,36.5,"5,977",2.8,37.1,98.6,64.0,5.6,91.5,0.4,2.3,4.9
Belmar,7719,Monmouth,"57,113",204.5,24.5,70.5,5.6,34.5,40.7,"21,540",2.4,38.4,90.2,54.6,9.9,92.0,1.7,1.2,3.7
Bradley Beach,7720,Monmouth,"40,878",178.8,26.3,42.1,4.6,25.1,32.5,"4,793",2.0,36.9,92.0,41.0,11.3,79.8,4.5,0.2,13.1
Cliffwood,7721,Monmouth,"47,906",155.4,28.1,56.8,5.2,23.1,31.8,"2,436",2.6,33.2,77.4,58.2,6.9,39.9,43.0,3.4,9.7
Colts Neck,7722,Monmouth,"108,608",473.3,21.1,82.3,8.1,47.5,52.3,"12,362",3.4,33.3,100.3,68.8,3.2,83.3,7.7,4.1,4.0
Deal,7723,Monmouth,"63,571",480.1,37.3,70.9,7.7,33.4,37.9,"1,702",2.7,41.8,82.0,59.3,5.2,95.0,0.2,0.0,4.1
Eatontown,7724,Monmouth,"58,265",189.4,23.3,60.7,5.2,37.2,45.7,"23,149",2.4,36.6,89.5,57.9,9.1,70.6,13.1,7.4,5.6
Englishtown,7726,Monmouth,"81,806",262.4,23.8,92.8,7.7,38.1,46.1,"40,373",3.0,38.1,87.4,68.8,3.8,88.7,1.8,4.7,3.5
Farmingdale,7727,Monmouth,"62,420",236.0,23.4,73.8,6.4,28.1,39.4,"6,105",2.9,37.0,92.8,62.9,7.8,87.7,4.1,1.2,5.9
Freehold,7728,Monmouth,"65,399",200.6,23.6,82.1,6.3,32.6,41.2,"50,561",2.8,37.7,90.5,62.5,6.8,77.8,6.7,4.4,9.7
Hazlet,7730,Monmouth,"65,734",192.2,23.3,89.9,6.9,20.5,35.0,"18,527",2.9,39.0,87.9,64.3,6.1,88.4,1.2,3.8,5.5
Howell,7731,Monmouth,"71,153",187.6,24.1,89.4,6.9,28.6,37.1,"38,018",3.1,34.4,92.3,66.3,6.0,86.0,2.8,3.8,5.5
Highlands,7732,Monmouth,"46,092",142.1,25.9,55.4,4.4,27.7,35.4,"5,199",2.0,38.6,102.2,41.8,19.6,91.8,0.5,0.9,3.6
Holmdel,7733,Monmouth,"114,985",445.3,22.1,95.2,7.8,55.6,64.4,"15,558",3.2,40.6,85.3,69.8,4.2,77.4,0.7,16.5,2.9
Keansburg,7734,Monmouth,"41,318",121.3,25.7,61.2,5.0,9.8,21.9,"13,856",2.8,35.1,88.8,51.4,9.5,88.4,1.5,1.9,6.9
Keyport,7735,Monmouth,"53,146",145.5,25.9,71.4,5.4,12.9,25.9,"20,677",2.7,36.4,91.9,54.2,9.3,82.0,5.3,1.6,9.3
Leonardo,7737,Monmouth,"72,718",193.2,24.0,89.2,6.6,26.7,36.4,"4,445",2.9,37.5,93.1,60.3,7.8,94.4,1.0,0.4,2.5
Lincroft,7738,Monmouth,"94,657",329.3,21.9,87.0,7.7,48.6,53.7,"6,205",2.9,40.2,97.4,70.2,2.5,90.9,0.7,5.1,2.4
Little Silver,7739,Monmouth,"94,094",332.3,24.0,96.4,7.3,60.4,59.3,"6,170",2.7,41.1,84.5,71.3,5.1,95.9,0.3,1.9,1.3
Long Branch,7740,Monmouth,"38,733",154.1,26.7,42.8,4.6,20.3,28.5,"31,605",2.4,34.8,87.6,46.4,11.3,57.6,16.8,1.7,20.5
Marlboro,7746,Monmouth,"103,255",316.9,22.4,96.5,7.9,51.0,54.7,"17,414",3.2,38.9,94.8,72.4,1.8,83.3,1.8,10.5,3.3
Matawan,7747,Monmouth,"72,468",200.9,23.4,76.2,6.1,38.5,47.4,"29,208",2.6,37.7,90.3,62.7,7.2,78.5,5.0,8.8,5.5
Middletown,7748,Monmouth,"80,284",253.3,22.6,84.6,7.3,36.0,41.5,"29,057",2.9,37.9,90.2,66.9,4.8,91.9,0.8,2.8,3.4
Monmouth Beach,7750,Monmouth,"80,484",309.3,23.6,81.8,5.6,48.7,54.8,"3,595",2.2,44.6,85.6,56.1,12.9,96.7,0.4,0.7,1.4
Morganville,7751,Monmouth,"102,926",312.9,22.4,96.3,7.9,54.9,56.2,"16,941",3.2,36.0,91.6,74.1,3.8,78.1,2.1,14.7,3.3
Navesink,7752,Monmouth,,,,,,,,,,,,,,,,,
Neptune,7753,Monmouth,"50,927",150.6,24.0,72.0,5.7,21.9,34.9,"32,372",2.6,38.6,81.9,52.2,9.6,57.2,33.2,1.6,5.5
Neptune,7754,Monmouth,,,,,,,,,,,,,,,,,
Oakhurst,7755,Monmouth,"71,331",210.4,23.5,88.5,6.9,37.3,39.8,"6,760",2.9,38.5,89.8,63.3,5.9,92.7,1.3,2.1,1.9
Ocean Grove,7756,Monmouth,"31,991",164.6,26.6,42.7,4.6,36.0,45.7,"4,263",1.8,45.4,74.5,36.3,14.7,90.8,2.6,1.1,4.3
Oceanport,7757,Monmouth,"71,458",254.3,23.5,88.2,6.7,35.9,44.6,"5,549",2.7,41.6,86.8,64.2,5.7,97.5,0.3,1.0,0.5
Port Monmouth,7758,Monmouth,"59,097",169.3,25.7,82.4,6.2,17.1,30.1,"4,765",3.0,35.7,84.7,56.6,7.4,90.3,1.9,0.0,5.2
Rumson,7760,Monmouth,"99,015",437.0,22.6,79.4,6.8,58.8,54.6,"9,592",2.6,39.5,91.3,64.8,7.7,95.6,0.6,0.9,2.4
Spring Lake,7762,Monmouth,"59,883",327.9,24.8,66.6,6.0,45.9,47.6,"9,289",2.1,48.5,76.6,54.7,9.2,97.1,1.0,0.1,1.1
Tennent,7763,Monmouth,,,,,,,,,,,,,,,,,
West Long Branch,7764,Monmouth,"71,852",224.0,24.8,84.8,6.9,34.8,39.1,"8,258",3.3,33.8,87.4,57.2,5.1,90.7,2.3,0.6,3.5
Wickatunk,7765,Monmouth,,,,,,,,,,,,,,,,,
Holmdel,7777,Monmouth,,,,,,,,,,,,,,,,,
Eatontown,7799,Monmouth,,,,,,,,,,,,,,,,,
Allentown,8501,Monmouth,"72,295",220.1,23.6,84.2,7.0,34.9,42.8,"5,036",2.8,38.3,96.1,69.0,4.6,90.9,3.0,0.3,2.3
Millstone Township,8510,Monmouth,"88,575",349.8,24.2,96.5,7.8,44.6,53.6,"2,110",3.0,38.5,104.2,70.6,3.0,92.1,5.2,0.0,2.0
Cream Ridge,8514,Monmouth,"71,711",240.1,23.5,88.5,6.7,31.4,38.3,"3,106",2.9,40.1,96.6,71.5,6.8,89.7,1.1,1.4,4.6
Imlaystown,8526,Monmouth,,,,,,,,,,,,,,,,,
Perrineville,8535,Monmouth,"118,412",415.5,25.2,94.7,9.1,48.1,56.2,"1,908",3.5,36.4,98.9,81.2,4.7,86.0,6.4,3.3,2.0
Roosevelt,8555,Monmouth,,,,,,,,,,,,,,,,,
Allenwood,8720,Monmouth,,,,,,,,,,,,,,,,,
Brielle,8730,Monmouth,"68,368",306.5,25.3,83.4,6.5,44.6,55.9,"4,893",2.5,42.9,87.3,63.4,10.0,92.1,3.4,0.0,2.8
Manasquan,8736,Monmouth,"73,353",301.2,24.6,81.3,6.3,43.0,44.2,"13,103",2.5,40.7,87.7,61.5,7.0,95.5,0.1,0.6,3.0
Sea Girt,8750,Monmouth,"79,954",437.4,22.3,87.4,7.3,55.0,53.7,"3,907",2.3,47.5,85.3,64.5,5.6,97.9,0.0,0.5,1.1
Boonton,7005,Morris,"75,762",271.8,23.1,73.6,6.6,38.0,46.4,"15,179",2.7,38.8,89.4,61.1,7.5,84.1,1.9,6.9,4.8
Lake Hiawatha,7034,Morris,"60,187",190.1,24.5,61.4,5.2,32.5,39.9,"9,361",2.5,35.9,98.6,56.9,6.6,74.1,2.4,13.4,7.0
Lincoln Park,7035,Morris,"68,988",206.4,24.1,75.9,5.6,32.9,42.4,"10,906",2.7,39.6,86.1,61.7,7.7,86.7,1.5,5.6,5.3
Mt Olive,7828,Morris,"60,729",198.4,25.0,51.7,5.0,31.8,39.4,"13,007",2.6,33.8,94.9,58.1,9.2,80.4,2.9,7.1,7.4
Mount Olive,7828,Morris,"60,729",198.4,25.0,51.7,5.0,31.8,39.4,"13,007",2.6,33.8,94.9,58.1,9.2,80.4,2.9,7.1,7.4
Montville,7045,Morris,"100,213",377.7,21.8,95.2,7.3,52.5,56.3,"10,694",2.8,40.9,87.1,68.1,4.6,84.4,0.9,11.2,2.2
Mountain Lakes,7046,Morris,"141,757",546.5,21.6,96.8,9.1,76.1,68.7,"4,256",3.1,39.4,90.5,77.6,3.4,92.0,0.7,3.6,2.4
Parsippany,7054,Morris,"62,106",263.9,24.0,51.7,5.1,41.1,44.5,"27,538",2.5,37.3,89.0,60.6,7.4,63.5,3.3,20.8,8.2
Pine Brook,7058,Morris,"90,286",393.5,24.3,60.0,6.8,55.5,54.5,"5,172",2.7,35.3,98.2,66.9,3.6,73.6,0.0,20.2,2.9
Towaco,7082,Morris,"93,485",322.2,21.3,94.5,7.4,45.2,48.2,"4,508",2.9,38.6,93.0,69.6,6.2,88.5,0.1,8.7,1.4
Butler,7405,Morris,"76,750",288.1,23.0,82.5,7.1,42.0,47.8,"16,785",2.8,38.7,93.0,68.8,5.4,92.0,0.1,2.8,3.5
Pequannock,7440,Morris,"65,856",254.6,25.3,85.5,6.7,27.8,41.4,"4,688",2.7,39.1,87.3,67.4,5.6,94.9,0.4,1.3,3.2
Pompton Plains,7444,Morris,"76,854",267.4,24.1,91.5,6.6,42.6,44.9,"9,200",2.7,38.7,87.8,65.6,6.2,94.4,0.0,2.6,2.7
Riverdale,7457,Morris,"71,083",224.6,24.1,82.2,6.1,30.8,36.1,"2,498",2.6,37.2,88.6,59.0,8.4,89.8,1.5,5.5,1.8
Dover,7801,Morris,"56,082",180.0,23.2,56.4,5.3,17.2,22.7,"24,347",3.2,34.0,100.2,55.6,8.1,40.0,5.9,3.9,49.1
Dover,7802,Morris,,,,,,,,,,,,,,,,,
Mine Hill,7803,Morris,"64,643",179.2,25.0,89.8,6.2,28.2,40.4,"3,679",2.6,37.6,88.9,61.6,7.7,83.5,3.9,3.3,8.8
Picatinny Arsenal,7806,Morris,,,,,,,,,,,,,,,,,
Budd Lake,7828,Morris,"60,729",198.4,25.0,51.7,5.0,31.8,39.4,"13,007",2.6,33.8,94.9,58.1,9.2,80.4,2.9,7.1,7.4
Denville,7834,Morris,"78,074",250.3,22.4,86.9,6.5,44.8,49.1,"17,163",2.6,39.7,87.7,66.4,5.9,89.2,0.9,6.4,2.4
Flanders,7836,Morris,"76,040",263.4,23.9,64.3,7.1,43.4,50.3,"12,276",2.7,34.8,104.6,66.4,5.0,85.4,3.8,6.0,4.0
Hibernia,7842,Morris,,,,,,,,,,,,,,,,,
Ironia,7845,Morris,,,,,,,,,,,,,,,,,
Kenvil,7847,Morris,"51,750",184.5,22.7,69.5,6.4,16.0,23.3,"1,504",2.7,36.6,78.0,59.2,9.9,85.5,0.4,0.0,12.6
Lake Hopatcong,7849,Morris,"63,785",171.5,22.2,84.7,5.8,23.1,35.1,"6,900",2.6,37.5,95.0,60.9,9.6,94.6,0.2,0.1,3.9
Landing,7850,Morris,"66,295",175.4,24.7,77.8,6.2,23.1,35.7,"6,857",2.8,35.4,91.5,64.0,8.7,86.9,3.4,2.7,6.4
Ledgewood,7852,Morris,"63,750",198.0,23.0,82.9,5.7,36.4,48.9,"2,623",2.3,39.8,73.8,56.2,10.2,91.0,0.6,4.3,3.8
Long Valley,7853,Morris,"103,326",316.8,22.3,90.1,8.0,55.9,57.1,"13,383",3.1,38.2,91.6,71.0,4.3,95.5,0.5,1.3,1.6
Mount Arlington,7856,Morris,"66,367",199.2,25.1,80.6,5.8,36.5,39.5,"3,461",2.3,39.3,79.6,57.7,9.4,88.2,2.1,2.5,5.1
Netcong,7857,Morris,"49,224",165.0,24.4,48.8,5.0,20.8,31.0,"3,226",2.2,37.6,88.3,51.6,10.4,85.4,2.3,2.8,7.6
Rockaway,7866,Morris,"75,453",220.4,23.7,81.8,6.7,37.9,45.4,"22,559",2.7,37.2,91.2,65.5,7.3,85.1,1.8,5.5,6.4
Randolph,7869,Morris,"97,354",357.5,22.5,73.6,7.6,59.0,59.2,"24,295",2.8,36.8,94.0,69.1,4.6,82.0,1.7,10.0,4.3
Schooleys Mountain,7870,Morris,,,,,,,,,,,,,,,,,
Succasunna,7876,Morris,"87,458",255.1,23.2,94.9,7.7,41.7,46.9,"11,098",3.1,37.9,91.2,69.8,4.0,89.4,0.7,4.6,3.8
Mount Tabor,7878,Morris,,,,,,,,,,,,,,,,,
Wharton,7885,Morris,"61,947",185.2,22.8,70.3,5.7,27.2,36.3,"10,491",2.6,36.5,92.9,58.0,9.2,76.1,2.2,3.7,15.2
Brookside,7926,Morris,,,,,,,,,,,,,,,,,
Cedar Knolls,7927,Morris,"82,453",263.7,22.8,88.2,6.7,37.1,40.1,"3,176",2.7,40.0,91.6,59.5,6.1,87.4,0.0,9.5,2.5
Chatham,7928,Morris,"104,936",420.4,20.2,81.9,7.0,66.8,63.0,"18,037",2.5,38.5,85.7,68.1,6.1,92.6,0.0,4.4,2.0
Chester,7930,Morris,"109,479",435.0,23.3,89.4,8.2,61.2,59.4,"7,987",3.0,39.3,95.1,71.6,4.2,92.0,1.2,2.0,3.5
Florham Park,7932,Morris,"88,555",346.9,21.5,86.0,7.1,56.0,54.7,"8,514",2.6,43.0,85.5,65.7,5.6,93.5,0.7,3.5,1.4
Gillette,7933,Morris,"81,862",304.8,22.9,90.7,6.8,49.2,47.8,"3,185",2.6,40.5,88.3,68.9,6.5,89.2,0.5,5.7,1.6
Green Village,7935,Morris,,,,,,,,,,,,,,,,,
Roxbury,7852,Morris,"63,750",198.0,23.0,82.9,5.7,36.4,48.9,"2,623",2.3,39.8,73.8,56.2,10.2,91.0,0.6,4.3,3.8
Jefferson,7435,Morris,"79,762",244.2,23.1,84.0,6.7,36.1,48.1,"2,117",2.7,38.8,102.1,64.5,4.9,93.4,0.6,0.0,2.2
Hanover,7927,Morris,"82,453",263.7,22.8,88.2,6.7,37.1,40.1,"3,176",2.7,40.0,91.6,59.5,6.1,87.4,0.0,9.5,2.5
Victory Gardens,7801,Morris,"56,082",180.0,23.2,56.4,5.3,17.2,22.7,"24,347",3.2,34.0,100.2,55.6,8.1,40.0,5.9,3.9,49.1
Kinnelon,7405,Morris,"76,750",288.1,23.0,82.5,7.1,42.0,47.8,"16,785",2.8,38.7,93.0,68.8,5.4,92.0,0.1,2.8,3.5
Harding,7976,Morris,,,,,,,,,,,,,,,,,
Long Hill,7933,Morris,"81,862",304.8,22.9,90.7,6.8,49.2,47.8,"3,185",2.6,40.5,88.3,68.9,6.5,89.2,0.5,5.7,1.6
East Hanover,7936,Morris,"82,133",343.3,24.4,94.0,7.4,33.3,44.2,"11,393",2.9,40.7,89.4,66.9,4.1,84.4,0.2,10.9,2.8
Madison,7940,Morris,"82,915",397.1,22.0,67.0,6.5,56.8,52.9,"16,558",2.9,34.3,88.1,56.6,6.0,85.6,2.6,3.5,5.8
Mendham,7945,Morris,"127,481",503.0,21.0,89.4,8.2,67.5,57.9,"9,465",3.0,40.7,85.4,71.8,4.0,93.4,0.0,2.0,3.0
Millington,7946,Morris,"105,511",366.1,22.8,90.2,7.7,58.9,59.7,"2,921",2.8,39.4,90.6,71.8,4.5,91.7,0.5,3.6,4.0
Greystone Park,7950,Morris,"91,165",299.2,22.1,81.5,6.8,53.8,55.6,"17,171",2.6,39.3,92.1,63.7,6.5,83.0,1.3,10.5,2.8
Morris,7960,Morris,"81,621",355.4,22.0,65.2,6.4,53.6,53.6,"43,619",2.6,38.5,90.3,57.1,7.4,71.3,9.8,3.7,13.6
Morris Twp,7960,Morris,"81,621",355.4,22.0,65.2,6.4,53.6,53.6,"43,619",2.6,38.5,90.3,57.1,7.4,71.3,9.8,3.7,13.6
Morris Plains,7950,Morris,"91,165",299.2,22.1,81.5,6.8,53.8,55.6,"17,171",2.6,39.3,92.1,63.7,6.5,83.0,1.3,10.5,2.8
Morristown,7960,Morris,"81,621",355.4,22.0,65.2,6.4,53.6,53.6,"43,619",2.6,38.5,90.3,57.1,7.4,71.3,9.8,3.7,13.6
Morristown,7961,Morris,,,,,,,,,,,,,,,,,
Morristown,7962,Morris,,,,,,,,,,,,,,,,,
Morristown,7963,Morris,,,,,,,,,,,,,,,,,
Mount Freedom,7970,Morris,,,,,,,,,,,,,,,,,
New Vernon,7976,Morris,,,,,,,,,,,,,,,,,
Stirling,7980,Morris,"71,250",300.7,18.9,72.3,6.6,38.7,38.8,"2,671",2.8,37.5,102.4,65.2,4.4,88.5,0.3,4.0,6.2
Whippany,7981,Morris,"79,269",305.6,21.5,92.2,7.0,41.2,48.0,"8,319",2.6,39.9,92.6,63.1,5.8,85.9,0.2,10.1,3.2
Whippany,7983,Morris,,,,,,,,,,,,,,,,,
Whippany,7999,Morris,,,,,,,,,,,,,,,,,
Barnegat,8005,Ocean,"49,292",127.5,25.1,89.4,6.0,16.0,26.6,"16,755",2.7,38.9,87.6,63.9,6.4,92.8,1.7,1.0,2.9
Barnegat Light,8006,Ocean,,,,,,,,,,,,,,,,,
Beach Haven,8008,Ocean,"45,974",308.9,30.3,81.0,6.0,33.0,34.7,"7,784",2.0,53.8,89.9,59.9,9.6,95.6,0.2,0.5,3.1
Manahawkin,8050,Ocean,"51,726",150.8,24.6,91.8,6.0,18.0,30.0,"20,453",2.6,40.8,89.2,67.7,6.0,95.0,0.1,1.0,2.6
Tuckerton,8087,Ocean,"45,075",109.7,24.0,79.7,5.4,15.0,26.6,"20,124",2.5,39.6,90.7,60.8,9.0,94.7,0.4,1.1,2.2
West Creek,8092,Ocean,"44,792",139.5,20.3,83.0,5.7,17.8,30.8,"3,142",2.6,38.8,89.1,61.8,9.1,97.7,0.0,0.1,0.7
Jackson,8527,Ocean,"65,198",164.4,24.4,87.0,6.5,22.9,35.0,"42,525",3.0,35.2,89.5,64.2,7.3,87.4,3.2,2.0,5.9
New Egypt,8533,Ocean,"61,966",169.5,23.7,84.5,6.2,18.2,30.4,"6,703",2.9,35.4,91.9,63.0,6.7,91.2,3.4,0.1,3.6
Lakewood,8701,Ocean,"35,647",132.8,25.2,63.0,5.0,21.0,33.4,"60,387",3.0,30.6,81.8,58.3,6.7,70.8,11.0,1.7,14.4
Bayville,8721,Ocean,"52,778",143.8,23.7,85.8,6.0,14.6,28.2,"17,138",2.7,38.7,90.4,62.1,7.6,93.4,1.0,0.5,4.1
Beachwood,8722,Ocean,"59,022",126.3,24.8,89.0,6.1,13.1,25.6,"10,316",3.0,35.2,91.1,61.0,8.7,92.7,0.8,1.0,4.5
Brick,8723,Ocean,"50,069",149.6,24.6,79.1,5.7,16.0,28.1,"31,846",2.5,39.1,87.6,60.3,8.3,92.5,0.9,1.0,4.5
Brick,8724,Ocean,"53,827",147.5,24.5,86.2,5.7,21.3,33.2,"43,034",2.6,39.2,81.9,59.3,9.0,93.5,1.1,0.8,3.2
Forked River,8731,Ocean,"52,507",141.2,23.8,89.8,5.8,18.6,29.0,"17,918",2.5,39.5,93.1,65.0,7.4,96.7,0.2,0.2,2.2
Island Heights,8732,Ocean,,,,,,,,,,,,,,,,,
Lakehurst,8733,Ocean,"36,147",107.7,25.8,88.3,5.2,15.4,26.7,"15,989",2.0,63.8,77.4,61.2,6.9,87.9,6.1,1.0,3.5
Lanoka Harbor,8734,Ocean,"66,928",161.0,22.2,93.0,6.3,21.6,31.6,"7,428",3.0,37.6,87.4,62.1,6.6,97.4,0.0,0.2,1.5
Lavallette,8735,Ocean,"43,636",283.4,26.8,82.3,5.1,27.6,40.2,"4,327",2.0,57.3,83.1,60.5,7.8,96.3,0.4,0.9,1.4
Mantoloking,8738,Ocean,"70,667",447.1,30.5,91.5,6.4,45.0,41.7,"1,325",1.9,56.9,97.0,62.9,7.0,97.8,0.0,1.0,0.8
Normandy Beach,8739,Ocean,,,,,,,,,,,,,,,,,
Ocean Gate,8740,Ocean,,,,,,,,,,,,,,,,,
Pine Beach,8741,Ocean,"60,227",167.8,22.6,89.3,6.1,28.5,35.5,"2,501",2.6,40.9,95.3,63.5,7.8,97.6,0.4,0.3,1.3
Point Pleasant Beach,8742,Ocean,"55,998",191.7,25.1,76.5,5.8,30.4,36.5,"26,210",2.4,40.4,89.7,58.0,9.4,95.3,0.5,0.4,2.7
Seaside Heights,8751,Ocean,"30,611",158.4,25.8,46.3,4.4,17.6,25.0,"4,965",2.0,38.6,104.0,44.7,13.3,89.2,1.7,0.7,6.4
Seaside Park,8752,Ocean,"43,478",221.1,27.7,62.4,4.8,31.5,35.9,"2,875",1.9,48.2,85.2,52.4,8.8,96.5,0.2,0.3,1.8
Toms River,8753,Ocean,"56,526",158.3,24.2,81.3,6.2,23.1,33.6,"63,402",2.7,38.4,88.2,58.0,8.2,90.5,1.2,2.2,4.7
Toms River,8754,Ocean,,,,,,,,,,,,,,,,,
Toms River,8755,Ocean,"53,272",170.8,25.7,89.9,6.0,25.1,36.8,"22,973",2.6,43.8,82.6,63.6,7.4,88.6,2.2,3.8,4.2
Toms River,8756,Ocean,,,,,,,,,,,,,,,,,
Toms River,8757,Ocean,"30,177",104.1,26.8,94.1,5.3,8.3,22.5,"33,300",1.9,69.3,72.0,61.6,5.4,91.2,3.8,0.6,3.2
Waretown,8758,Ocean,"45,906",113.5,25.8,83.5,5.6,15.9,27.0,"5,375",2.6,37.0,97.4,57.3,11.4,93.1,0.4,0.1,3.8
Manchester Township,8759,Ocean,"23,914",56.9,27.1,93.7,4.4,10.0,28.5,"17,411",1.6,73.8,60.7,55.4,6.5,96.4,0.7,0.1,2.0
Clifton,7011,Passaic,"43,850",188.8,24.3,48.8,4.9,16.6,25.7,"37,001",2.8,35.5,85.0,54.0,7.3,54.4,4.1,4.9,32.0
Clifton,7012,Passaic,"49,873",209.2,25.6,57.3,5.0,32.0,38.0,"12,282",2.2,42.4,90.5,54.4,9.3,79.6,1.6,9.2,7.2
Clifton,7013,Passaic,"60,118",215.6,25.6,76.2,5.8,26.9,37.5,"24,754",2.5,42.6,86.1,59.0,6.7,81.1,0.8,7.6,8.7
Clifton,7014,Passaic,"58,359",188.1,22.9,72.7,5.4,32.2,37.0,"4,248",2.5,38.2,85.8,56.7,8.5,71.8,1.4,10.2,15.4
Clifton,7015,Passaic,,,,,,,,,,,,,,,,,
Passaic,7055,Passaic,"33,633",172.7,29.2,26.8,4.1,13.7,17.9,"67,885",3.4,28.6,91.9,48.9,6.9,18.2,11.8,5.2,62.4
Bloomingdale,7403,Passaic,"68,462",196.2,24.2,75.0,5.9,25.8,37.4,"7,563",2.6,37.9,91.5,63.1,6.7,92.1,0.0,0.5,4.3
Haskell,7420,Passaic,"60,428",161.1,27.2,79.2,5.8,14.8,25.4,"4,933",3.1,36.9,81.7,59.6,10.1,85.0,0.0,2.7,7.2
Hewitt,7421,Passaic,"67,229",167.3,24.9,85.9,5.7,22.5,32.2,"7,622",2.8,35.9,99.1,64.3,9.1,91.6,0.5,0.9,3.9
Little Falls,7424,Passaic,"59,611",222.1,24.1,63.6,5.4,30.0,41.5,"21,842",2.4,39.3,86.2,56.7,8.6,84.1,2.2,3.5,7.6
Newfoundland,7435,Passaic,"79,762",244.2,23.1,84.0,6.7,36.1,48.1,"2,117",2.7,38.8,102.1,64.5,4.9,93.4,0.6,0.0,2.2
Oak Ridge,7438,Passaic,"75,813",215.2,24.6,90.5,6.6,30.0,38.2,"11,890",2.8,37.1,93.8,69.0,8.1,94.7,0.6,0.6,2.7
Pompton Lakes,7442,Passaic,"65,659",194.8,27.0,77.2,6.0,27.5,39.0,"10,866",2.7,37.8,90.1,56.8,8.7,88.6,0.9,4.1,5.9
Ringwood,7456,Passaic,"81,636",214.2,24.3,94.4,7.0,39.2,44.5,"12,396",3.0,37.4,94.3,66.8,6.3,92.0,0.4,0.4,4.1
Wanaque,7465,Passaic,"73,048",214.9,26.0,79.8,6.2,30.6,35.8,"5,154",2.7,37.3,90.8,65.2,6.5,89.1,0.6,3.1,5.0
Wayne,7470,Passaic,"83,651",307.0,23.9,82.1,6.8,41.5,47.3,"54,115",2.8,40.0,85.6,61.8,5.9,86.6,1.3,5.9,5.0
Wayne,7474,Passaic,,,,,,,,,,,,,,,,,
Wayne,7477,Passaic,,,,,,,,,,,,,,,,,
West Milford,7480,Passaic,"75,691",193.8,23.3,92.5,6.4,28.7,36.2,"15,975",2.8,37.6,94.4,66.3,5.8,93.0,1.4,1.2,3.3
Paterson,7501,Passaic,"24,938",156.5,28.3,19.1,4.1,5.5,13.1,"32,857",3.1,29.4,89.9,41.7,9.0,10.2,30.8,0.9,56.2
Paterson,7502,Passaic,"44,087",157.8,28.5,56.1,5.0,12.2,20.7,"13,948",3.1,32.8,82.2,52.8,8.5,30.1,15.8,5.6,45.3
Paterson,7503,Passaic,"32,668",163.4,26.7,35.5,4.4,10.1,17.4,"19,066",3.1,31.2,93.2,53.4,7.6,26.4,8.1,2.5,53.9
Paterson,7504,Passaic,"45,412",178.2,26.2,45.7,5.2,11.4,25.7,"12,981",3.5,32.5,83.4,48.1,7.2,5.0,57.7,0.7,32.5
Paterson,7505,Passaic,,,,,,,,,,,,,,,,,
Hawthorne,7506,Passaic,"55,340",222.9,26.3,65.2,5.7,25.5,35.9,"18,218",2.5,38.1,85.7,57.8,8.2,89.2,0.4,2.2,7.4
Hawthorne,7507,Passaic,,,,,,,,,,,,,,,,,
Haledon,7508,Passaic,"52,695",210.7,24.2,63.6,5.6,22.9,32.5,"21,951",3.0,35.4,84.9,58.6,6.4,66.8,6.4,3.1,19.9
Paterson,7509,Passaic,,,,,,,,,,,,,,,,,
Paterson,7510,Passaic,,,,,,,,,,,,,,,,,
Totowa,7511,Passaic,,,,,,,,,,,,,,,,,
Totowa,7512,Passaic,"60,408",218.1,23.0,81.1,6.2,17.7,26.8,"9,846",2.7,42.7,83.7,57.1,5.8,89.2,1.5,1.8,6.3
Paterson,7513,Passaic,"38,190",181.8,26.6,33.7,4.8,7.6,15.9,"12,971",3.7,29.9,84.0,50.0,7.2,7.2,23.6,1.0,65.9
Paterson,7514,Passaic,"35,115",161.6,28.6,32.0,4.5,10.3,19.4,"18,338",3.0,32.3,74.7,43.1,8.4,11.3,50.2,0.4,34.7
Paterson,7522,Passaic,"31,728",156.1,27.4,26.7,4.6,5.9,13.8,"21,448",3.3,28.3,82.0,44.3,8.4,8.6,40.1,2.8,45.9
Paterson,7524,Passaic,"32,558",170.6,29.3,26.2,4.6,6.0,10.4,"12,944",3.4,28.7,92.4,48.6,8.2,8.0,23.0,1.0,65.1
Paterson,7533,Passaic,,,,,,,,,,,,,,,,,
Haledon,7538,Passaic,,,,,,,,,,,,,,,,,
Paterson,7543,Passaic,,,,,,,,,,,,,,,,,
Paterson,7544,Passaic,,,,,,,,,,,,,,,,,
Alloway,8001,Salem,,,,,,,,,,,,,,,,,
Deepwater,8023,Salem,,,,,,,,,,,,,,,,,
Hancocks Bridge,8038,Salem,,,,,,,,,,,,,,,,,
Pedricktown,8067,Salem,"57,708",121.5,21.5,85.4,6.2,10.6,25.9,"1,658",2.8,39.2,106.5,62.5,4.7,84.9,10.6,0.1,2.5
Penns Grove,8069,Salem,"35,857",93.7,23.7,61.9,5.5,11.8,23.2,"12,505",2.5,35.8,81.3,50.9,10.0,64.0,24.3,0.2,9.0
Pennsville,8070,Salem,"47,321",113.4,22.7,75.4,5.8,13.6,28.2,"13,030",2.4,39.4,89.8,59.3,9.1,95.8,0.7,1.2,1.5
Quinton,8072,Salem,,,,,,,,,,,,,,,,,
Salem,8079,Salem,"37,114",103.4,21.9,62.0,5.6,11.6,25.5,"11,937",2.5,37.7,81.8,53.0,8.2,63.3,30.8,0.1,3.0
Woodstown,8098,Salem,"55,490",162.9,22.4,74.6,6.5,26.2,39.0,"8,283",2.7,39.4,89.7,60.8,7.5,82.8,13.6,0.2,2.2
Elmer,8318,Salem,"54,987",128.4,23.0,86.4,6.2,16.8,28.4,"12,103",2.8,38.1,90.7,62.4,6.9,87.7,7.8,0.7,2.1
Monroeville,8343,Salem,"55,546",140.5,22.8,92.3,6.6,17.3,32.3,"4,619",2.9,37.4,97.5,61.6,7.7,91.7,2.4,0.0,4.6
Norma,8347,Salem,,,,,,,,,,,,,,,,,
Warren,7059,Somerset,"103,825",467.2,23.1,92.5,8.0,58.2,57.9,"14,229",3.0,39.3,94.0,72.8,3.8,83.4,0.5,11.1,3.1
Watchung,7069,Somerset,,,,,,,,,,,,,,,,,
Basking Ridge,7920,Somerset,"105,471",375.8,22.1,86.6,7.1,66.8,64.1,"24,703",2.6,39.3,89.7,67.8,6.7,86.5,1.5,7.8,2.6
Bedminster,7921,Somerset,"71,219",213.5,23.3,80.5,5.1,60.9,58.6,"7,846",1.9,39.1,79.5,53.5,14.1,85.8,2.0,6.9,3.9
Bernardsville,7924,Somerset,"103,506",438.7,20.7,83.3,7.8,59.3,52.7,"7,277",2.6,40.1,92.9,69.4,7.4,89.8,0.0,2.8,5.8
Far Hills,7931,Somerset,"132,919",805.1,19.5,81.5,8.3,65.7,52.6,"2,769",2.7,41.3,90.5,69.6,5.2,94.5,0.7,1.1,2.8
Gladstone,7934,Somerset,"104,078",498.5,22.0,80.3,7.6,59.7,60.5,"1,602",2.7,40.7,99.1,68.5,7.7,98.2,0.1,0.1,1.1
Liberty Corner,7938,Somerset,,,,,,,,,,,,,,,,,
Lyons,7939,Somerset,,,,,,,,,,,,,,,,,
Peapack,7977,Somerset,,,,,,,,,,,,,,,,,
Pluckemin,7978,Somerset,,,,,,,,,,,,,,,,,
Belle Mead,8502,Somerset,"114,854",353.4,22.6,90.5,8.3,61.1,64.7,"19,536",3.3,36.3,94.2,76.0,3.0,84.8,2.7,8.6,2.7
Blawenburg,8504,Somerset,,,,,,,,,,,,,,,,,
Kingston,8528,Somerset,,,,,,,,,,,,,,,,,
Rocky Hill,8553,Somerset,,,,,,,,,,,,,,,,,
Skillman,8558,Somerset,"126,027",424.6,22.9,92.5,8.4,69.9,66.8,"5,069",2.9,39.9,94.2,73.6,6.0,89.3,0.8,6.6,2.2
Bound Brook,8805,Somerset,"50,634",184.2,23.6,58.0,5.3,26.7,28.6,"12,027",2.7,35.2,100.3,55.1,7.3,62.9,2.5,2.8,30.5
Bridgewater,8807,Somerset,"86,517",276.2,21.5,84.7,6.8,49.6,53.5,"36,359",2.7,37.7,86.9,67.1,6.3,79.7,1.8,12.1,5.1
Flagtown,8821,Somerset,,,,,,,,,,,,,,,,,
Franklin Park,8823,Somerset,"64,051",136.4,22.4,83.4,5.2,47.5,54.6,"7,674",2.4,34.9,70.2,53.1,10.5,46.5,21.9,22.7,5.7
Manville,8835,Somerset,"51,258",161.4,22.7,71.3,5.4,13.6,25.6,"10,307",2.5,39.5,94.1,54.4,8.2,92.9,0.1,1.0,5.0
Martinsville,8836,Somerset,"113,639",392.7,19.9,97.2,8.0,55.6,58.5,"3,851",2.8,41.6,91.8,74.6,2.4,92.3,0.6,4.4,0.5
Hillsborough,8844,Somerset,,,,,,,,,,,,,,,,,
Neshanic Station,8853,Somerset,"100,432",308.8,22.0,88.5,7.8,50.0,55.5,"12,236",3.0,37.1,94.3,71.4,4.4,90.5,0.9,5.2,2.2
Raritan,8869,Somerset,"51,278",200.7,24.6,63.9,5.5,27.2,36.9,"6,404",2.4,37.6,88.4,59.0,8.9,81.5,0.4,8.5,8.2
Somerset,8873,Somerset,"68,047",186.9,22.9,68.7,5.8,41.7,50.6,"40,844",2.6,36.1,89.4,57.0,7.5,50.9,26.9,10.8,8.7
Somerset,8875,Somerset,,,,,,,,,,,,,,,,,
Somerville,8876,Somerset,"68,213",205.0,22.7,70.8,6.0,42.2,48.0,"41,944",2.6,35.8,91.9,59.7,8.6,74.4,6.6,8.0,8.8
South Bound Brook,8880,Somerset,"48,984",149.2,22.8,58.4,5.1,17.7,23.6,"4,492",2.7,35.1,102.4,49.9,9.0,63.1,7.6,4.1,22.9
Zarephath,8890,Somerset,,,,,,,,,,,,,,,,,
Raritan,8896,Somerset,,,,,,,,,,,,,,,,,
Franklin,7416,Sussex,"46,885",135.0,25.7,73.2,5.6,16.6,26.0,"5,817",2.7,37.0,87.6,58.1,9.1,92.0,0.7,1.9,4.5
Glenwood,7418,Sussex,"82,055",181.7,22.7,93.8,7.2,25.3,35.6,"2,705",3.2,35.7,103.0,69.6,3.8,96.3,0.7,0.3,0.3
Hamburg,7419,Sussex,"60,396",152.8,23.6,75.7,5.6,24.6,37.6,"7,020",2.6,36.9,91.7,60.7,11.2,92.2,0.5,1.6,3.6
Highland Lakes,7422,Sussex,"67,222",152.4,24.4,92.5,6.0,24.7,33.7,"7,107",2.9,35.7,94.7,68.5,6.9,93.7,0.4,0.8,3.9
Mc Afee,7428,Sussex,,,,,,,,,,,,,,,,,
Ogdensburg,7439,Sussex,"60,688",157.6,25.1,84.1,6.8,20.4,34.2,"2,657",2.9,35.1,96.1,63.7,6.9,93.8,0.1,0.4,5.1
Stockholm,7460,Sussex,"69,459",168.2,23.8,92.5,6.1,24.4,34.6,"3,644",2.9,36.9,104.4,70.2,5.7,94.8,0.2,0.0,4.7
Sussex,7461,Sussex,"59,458",176.6,24.3,82.4,6.6,21.6,32.0,"18,410",3.0,36.3,94.1,64.0,6.9,95.2,0.9,0.2,2.9
Vernon,7462,Sussex,"59,187",149.2,24.4,69.7,5.1,22.2,31.0,"6,894",2.6,33.9,97.4,58.0,9.3,92.6,0.4,0.9,4.0
Andover,7821,Sussex,"79,729",201.3,23.3,87.9,6.8,32.9,44.2,"9,004",2.8,36.8,99.7,68.6,6.5,92.1,0.8,1.4,4.3
Augusta,7822,Sussex,,,,,,,,,,,,,,,,,
Branchville,7826,Sussex,"59,875",185.3,24.9,85.0,6.2,24.8,36.0,"5,775",2.7,41.0,89.0,62.8,7.6,97.1,0.4,0.4,1.0
Montague,7827,Sussex,"48,438",146.2,25.0,75.3,5.4,15.5,26.9,"3,899",2.6,37.2,100.7,62.2,11.4,93.7,2.0,1.0,2.2
Glasser,7837,Sussex,,,,,,,,,,,,,,,,,
Greendell,7839,Sussex,,,,,,,,,,,,,,,,,
Hopatcong,7843,Sussex,"64,192",152.8,24.2,86.9,6.1,18.2,31.4,"12,395",2.7,35.7,100.6,63.6,8.4,88.8,2.3,1.4,5.5
Lafayette,7848,Sussex,"74,112",240.6,23.9,83.1,6.7,29.8,44.7,"4,385",3.2,40.7,88.6,61.8,6.5,91.7,1.5,2.7,3.6
Layton,7851,Sussex,,,,,,,,,,,,,,,,,
Middleville,7855,Sussex,,,,,,,,,,,,,,,,,
Newton,7860,Sussex,"60,904",173.2,23.8,75.7,6.0,25.3,36.7,"25,918",2.7,38.6,91.0,60.8,8.4,94.0,0.9,1.2,2.7
Sparta,7871,Sussex,"89,313",244.7,24.7,90.2,7.4,50.4,50.3,"19,229",2.9,37.7,92.0,70.8,5.7,94.4,0.4,1.3,2.7
Stanhope,7874,Sussex,"69,330",171.1,23.7,87.3,6.6,26.4,38.1,"9,423",2.8,35.8,92.6,61.6,9.5,92.3,0.7,1.4,4.5
Stillwater,7875,Sussex,,,,,,,,,,,,,,,,,
Swartswood,7877,Sussex,,,,,,,,,,,,,,,,,
Tranquility,7879,Sussex,,,,,,,,,,,,,,,,,
Wallpack Center,7881,Sussex,,,,,,,,,,,,,,,,,
Branchville,7890,Sussex,,,,,,,,,,,,,,,,,
Cranford,7016,Union,"76,338",254.1,21.6,82.9,6.7,42.9,50.6,"22,578",2.6,40.4,83.6,64.4,5.4,90.6,2.6,2.4,3.5
Fanwood,7023,Union,"85,233",248.3,22.3,91.9,6.9,50.9,55.4,"7,174",2.7,38.6,85.7,70.4,4.4,85.4,5.5,4.6,3.2
Garwood,7027,Union,"52,571",205.7,25.0,63.1,5.7,27.5,38.4,"4,153",2.4,38.3,84.0,52.9,6.6,90.4,0.5,2.2,4.6
Kenilworth,7033,Union,"59,482",195.3,23.4,77.4,6.0,15.5,30.6,"7,700",2.6,39.6,89.9,55.9,7.3,84.9,2.9,2.7,8.5
Linden,7036,Union,"45,960",167.1,24.6,57.0,5.2,13.8,22.8,"40,890",2.6,38.0,82.5,52.7,7.8,59.4,21.2,2.0,13.6
Plainfield,7060,Union,"51,406",180.2,24.4,49.3,5.1,26.0,28.7,"49,265",3.0,33.7,93.1,50.5,8.3,31.2,33.0,3.1,29.9
Plainfield,7061,Union,,,,,,,,,,,,,,,,,
Plainfield,7062,Union,"52,568",149.7,25.0,65.4,5.6,22.4,31.0,"13,217",2.9,34.9,81.7,47.2,8.6,17.8,62.6,0.9,16.3
Plainfield,7063,Union,"53,373",147.9,26.3,68.3,5.9,18.3,24.9,"12,001",3.2,33.0,85.1,49.4,7.9,20.3,58.2,1.4,18.8
Rahway,7065,Union,"50,729",159.0,24.2,62.8,5.5,17.4,30.6,"28,291",2.8,37.0,101.1,52.4,8.7,50.4,28.7,3.7,14.3
Clark,7066,Union,"65,019",238.3,24.9,81.4,6.3,28.1,36.9,"14,597",2.5,42.7,87.1,64.5,5.1,92.6,0.3,2.5,2.7
Scotch Plains,7076,Union,"78,742",284.7,23.7,75.7,6.8,48.6,54.3,"19,603",2.7,38.5,89.2,63.3,5.4,73.3,12.1,7.9,4.1
Springfield,7081,Union,"73,100",270.9,24.5,72.5,6.3,46.7,50.0,"14,596",2.3,42.1,86.4,63.6,6.4,86.5,4.2,3.8,4.0
Union,7083,Union,"60,487",193.0,24.3,78.0,6.1,26.9,38.5,"50,942",2.8,38.9,82.7,56.5,6.2,65.1,15.0,8.2,9.4
Vauxhall,7088,Union,"43,030",142.7,24.3,61.8,5.2,17.5,24.2,"3,262",2.5,36.6,60.9,38.1,12.5,4.3,87.6,1.4,2.0
Westfield,7090,Union,"98,684",356.7,21.5,83.1,7.2,61.9,60.5,"32,773",2.7,38.6,85.6,68.2,4.8,89.0,3.6,3.4,2.4
Westfield,7091,Union,,,,,,,,,,,,,,,,,
Mountainside,7092,Union,"97,195",380.5,20.5,94.6,7.3,47.9,52.7,"6,602",2.7,46.4,85.0,70.8,3.3,92.0,1.0,3.4,2.9
Elizabeth,7201,Union,"33,088",165.8,34.7,28.9,4.3,7.5,14.1,"27,634",3.3,31.8,108.2,50.8,8.6,18.4,32.6,0.9,44.5
Elizabeth,7202,Union,"35,347",171.9,26.4,29.2,4.1,12.5,19.0,"36,860",2.7,34.2,91.6,49.7,9.0,34.9,9.1,3.2,50.0
Roselle,7203,Union,"51,254",145.1,26.0,60.9,5.4,17.2,25.0,"21,274",2.8,35.3,81.0,50.2,8.5,26.9,49.5,2.4,16.9
Roselle Park,7204,Union,"53,989",174.6,24.4,59.1,5.3,25.6,34.6,"13,256",2.5,36.7,88.9,56.5,7.4,69.8,1.9,9.2,16.4
Hillside,7205,Union,"59,014",154.5,25.1,71.8,5.8,18.4,27.5,"21,689",3.0,35.7,84.6,54.1,6.0,32.2,45.6,2.9,14.1
Elizabeth,7206,Union,"30,637",156.7,24.8,30.5,4.6,6.4,11.8,"23,393",3.3,29.1,87.7,48.6,7.6,17.0,18.6,0.6,62.0
Elizabeth,7207,Union,,,,,,,,,,,,,,,,,
Elizabeth,7208,Union,"39,350",178.2,26.0,30.6,4.0,19.1,23.8,"32,791",2.7,33.7,89.9,49.2,8.9,31.7,16.1,3.0,44.1
Summit,7901,Union,"93,785",476.8,19.7,68.1,6.8,61.7,59.1,"22,723",2.6,37.3,87.6,65.0,5.4,80.4,3.8,4.0,10.2
Summit,7902,Union,,,,,,,,,,,,,,,,,
Berkeley Heights,7922,Union,"105,056",346.6,21.9,91.6,7.4,52.0,56.0,"12,417",3.0,39.6,85.4,70.1,4.9,86.9,1.0,7.8,3.8
New Providence,7974,Union,"93,033",353.8,22.0,78.9,7.0,57.0,59.4,"11,305",2.7,39.2,85.9,68.1,5.3,86.5,0.6,7.5,3.5
Allamuchy,7820,Warren,,,,,,,,,,,,,,,,,
Belvidere,7823,Warren,"53,402",160.7,23.5,74.9,5.8,23.7,33.4,"7,337",2.5,39.0,93.3,61.6,7.6,95.9,1.0,0.4,1.9
Blairstown,7825,Warren,"64,970",224.5,24.6,86.6,6.9,29.9,42.8,"9,376",2.8,40.1,94.8,66.3,7.3,96.5,0.1,0.7,1.9
Buttzville,7829,Warren,,,,,,,,,,,,,,,,,
Changewater,7831,Warren,,,,,,,,,,,,,,,,,
Columbia,7832,Warren,"64,850",217.3,24.6,86.9,6.8,24.6,34.4,"3,592",2.8,38.6,92.8,68.1,6.4,96.9,0.5,0.7,1.3
Delaware,7833,Warren,,,,,,,,,,,,,,,,,
Great Meadows,7838,Warren,"68,333",211.6,24.5,89.1,7.2,28.0,37.3,"3,142",3.0,36.4,94.5,67.7,5.5,92.9,0.0,1.8,4.4
Hackettstown,7840,Warren,"60,862",185.0,24.2,65.1,5.8,32.7,39.3,"26,000",2.5,37.1,89.6,61.7,8.6,88.9,1.8,2.2,5.8
Hope,7844,Warren,,,,,,,,,,,,,,,,,
Johnsonburg,7846,Warren,,,,,,,,,,,,,,,,,
Oxford,7863,Warren,"58,250",156.5,25.1,88.0,6.1,21.2,29.9,"3,913",2.7,38.4,90.1,65.0,6.8,97.2,0.4,0.2,1.3
Port Murray,7865,Warren,"70,607",195.6,23.5,84.5,6.7,28.2,38.9,"1,990",2.8,39.4,96.4,69.2,3.9,86.8,10.5,0.0,0.9
Vienna,7880,Warren,,,,,,,,,,,,,,,,,
Washington,7882,Warren,"60,846",164.4,24.7,70.4,6.0,26.5,34.9,"14,541",2.6,36.6,94.4,61.2,7.5,91.6,2.4,1.1,3.1
Broadway,8808,Warren,,,,,,,,,,,,,,,,,
Phillipsburg,8865,Warren,"44,092",130.7,23.6,67.7,5.8,13.6,27.1,"28,931",2.5,38.0,84.5,56.9,8.8,92.2,2.3,0.6,3.5
Stewartsville,8886,Warren,"86,131",254.8,23.8,90.7,7.5,37.4,48.2,"4,812",3.0,34.1,95.4,77.5,3.9,91.1,2.4,1.6,3.8
Hammonton,8037,Atlantic,"47,500",133.1,24.1,77.1,5.9,14.3,25.6,"22,730",2.9,38.8,100.6,60.6,7.9,81.2,3.5,0.4,13.3
Absecon,08201,Atlantic,"51,397",137.7,24.9,72.9,5.6,23.1,27.8,"34,886",2.9,34.2,86.7,55.8,10.1,71.4,10.3,9.0,6.5
